country,retailer,retailer_slug,product_family,brand,device_type,model,capacity_gb,product_code,offer_type,price_value,price_text,price_unit,term_months,in_stock,data_quality_tier,extracted_at,source_url,source_title,source_snapshot,source_snapshots
ES,Santander Boutique,santander_boutique,Samsung,Samsung,mobile,Samsung Galaxy S26 5G,256,SM-S942BZKGEUB,renting_no_insurance,25.99,25.99 EUR,EUR/month,36,True,santander_api_live,2026-03-23T14:31:30.327323+00:00,https://boutique.bancosantander.es/es/Cat%C3%A1logo/Electr%C3%B3nica/M%C3%B3viles/Galaxy-S26/p/SM-S942BZKGEUB,Galaxy S26 5G,,
ES,Santander Boutique,santander_boutique,Samsung,Samsung,mobile,Samsung Galaxy S26 5G,256,SM-S942BZKGEUB,renting_with_insurance,28.99,28.99 EUR,EUR/month,36,True,santander_api_live,2026-03-23T14:31:30.327323+00:00,https://boutique.bancosantander.es/es/Cat%C3%A1logo/Electr%C3%B3nica/M%C3%B3viles/Galaxy-S26/p/SM-S942BZKGEUB,Galaxy S26 5G,,
ES,Santander Boutique,santander_boutique,Samsung,Samsung,mobile,Samsung Galaxy S26 5G,256,SM-S942BZKGEUB,financing_max_term,37.77,37.77 EUR,EUR/month,30,True,santander_api_live,2026-03-23T14:31:30.327323+00:00,https://boutique.bancosantander.es/es/Cat%C3%A1logo/Electr%C3%B3nica/M%C3%B3viles/Galaxy-S26/p/SM-S942BZKGEUB,Galaxy S26 5G,,
ES,Santander Boutique,santander_boutique,Samsung,Samsung,mobile,Samsung Galaxy S26 5G,256,SM-S942BZKGEUB,financing_max_term,43.83,43.83 EUR,EUR/month,24,True,santander_api_live,2026-03-23T14:31:30.327323+00:00,https://boutique.bancosantander.es/es/Cat%C3%A1logo/Electr%C3%B3nica/M%C3%B3viles/Galaxy-S26/p/SM-S942BZKGEUB,Galaxy S26 5G,,
ES,Santander Boutique,santander_boutique,Samsung,Samsung,mobile,Samsung Galaxy S26 5G,256,SM-S942BZKGEUB,financing_max_term,56.83,56.83 EUR,EUR/month,18,True,santander_api_live,2026-03-23T14:31:30.327323+00:00,https://boutique.bancosantander.es/es/Cat%C3%A1logo/Electr%C3%B3nica/M%C3%B3viles/Galaxy-S26/p/SM-S942BZKGEUB,Galaxy S26 5G,,
ES,Santander Boutique,santander_boutique,Samsung,Samsung,mobile,Samsung Galaxy S26 5G,256,SM-S942BZKGEUB,financing_max_term,83.25,83.25 EUR,EUR/month,12,True,santander_api_live,2026-03-23T14:31:30.327323+00:00,https://boutique.bancosantander.es/es/Cat%C3%A1logo/Electr%C3%B3nica/M%C3%B3viles/Galaxy-S26/p/SM-S942BZKGEUB,Galaxy S26 5G,,
ES,Santander Boutique,santander_boutique,Samsung,Samsung,mobile,Samsung Galaxy S26 5G,256,SM-S942BZKGEUB,financing_max_term,166.5,166.50 EUR,EUR/month,6,True,santander_api_live,2026-03-23T14:31:30.327323+00:00,https://boutique.bancosantander.es/es/Cat%C3%A1logo/Electr%C3%B3nica/M%C3%B3viles/Galaxy-S26/p/SM-S942BZKGEUB,Galaxy S26 5G,,
ES,Santander Boutique,santander_boutique,Samsung,Samsung,mobile,Samsung Galaxy S26 5G,256,SM-S942BZKGEUB,financing_max_term,333.0,333.00 EUR,EUR/month,3,True,santander_api_live,2026-03-23T14:31:30.327323+00:00,https://boutique.bancosantander.es/es/Cat%C3%A1logo/Electr%C3%B3nica/M%C3%B3viles/Galaxy-S26/p/SM-S942BZKGEUB,Galaxy S26 5G,,
ES,Santander Boutique,santander_boutique,Samsung,Samsung,mobile,Samsung Galaxy S26 5G,256,SM-S942BZKGEUB,cash,999.0,999.00 EUR,EUR,,True,santander_api_live,2026-03-23T14:31:30.327323+00:00,https://boutique.bancosantander.es/es/Cat%C3%A1logo/Electr%C3%B3nica/M%C3%B3viles/Galaxy-S26/p/SM-S942BZKGEUB,Galaxy S26 5G,,
ES,Santander Boutique,santander_boutique,Samsung,Samsung,mobile,Samsung Galaxy S26+ 5G,256,SM-S947BZKDEUB,renting_no_insurance,31.99,31.99 EUR,EUR/month,36,True,santander_api_live,2026-03-23T14:31:30.974492+00:00,https://boutique.bancosantander.es/es/Cat%C3%A1logo/Electr%C3%B3nica/M%C3%B3viles/Galaxy-S26%2B-5G/p/SM-S947BZKDEUB,Galaxy S26+ 5G,,
ES,Santander Boutique,santander_boutique,Samsung,Samsung,mobile,Samsung Galaxy S26+ 5G,256,SM-S947BZKDEUB,renting_with_insurance,35.99,35.99 EUR,EUR/month,36,True,santander_api_live,2026-03-23T14:31:30.974492+00:00,https://boutique.bancosantander.es/es/Cat%C3%A1logo/Electr%C3%B3nica/M%C3%B3viles/Galaxy-S26%2B-5G/p/SM-S947BZKDEUB,Galaxy S26+ 5G,,
ES,Santander Boutique,santander_boutique,Samsung,Samsung,mobile,Samsung Galaxy S26+ 5G,256,SM-S947BZKDEUB,financing_max_term,47.23,47.23 EUR,EUR/month,30,True,santander_api_live,2026-03-23T14:31:30.974492+00:00,https://boutique.bancosantander.es/es/Cat%C3%A1logo/Electr%C3%B3nica/M%C3%B3viles/Galaxy-S26%2B-5G/p/SM-S947BZKDEUB,Galaxy S26+ 5G,,
ES,Santander Boutique,santander_boutique,Samsung,Samsung,mobile,Samsung Galaxy S26+ 5G,256,SM-S947BZKDEUB,financing_max_term,54.8,54.80 EUR,EUR/month,24,True,santander_api_live,2026-03-23T14:31:30.974492+00:00,https://boutique.bancosantander.es/es/Cat%C3%A1logo/Electr%C3%B3nica/M%C3%B3viles/Galaxy-S26%2B-5G/p/SM-S947BZKDEUB,Galaxy S26+ 5G,,
ES,Santander Boutique,santander_boutique,Samsung,Samsung,mobile,Samsung Galaxy S26+ 5G,256,SM-S947BZKDEUB,financing_max_term,71.05,71.05 EUR,EUR/month,18,True,santander_api_live,2026-03-23T14:31:30.974492+00:00,https://boutique.bancosantander.es/es/Cat%C3%A1logo/Electr%C3%B3nica/M%C3%B3viles/Galaxy-S26%2B-5G/p/SM-S947BZKDEUB,Galaxy S26+ 5G,,
ES,Santander Boutique,santander_boutique,Samsung,Samsung,mobile,Samsung Galaxy S26+ 5G,256,SM-S947BZKDEUB,financing_max_term,104.08,104.08 EUR,EUR/month,12,True,santander_api_live,2026-03-23T14:31:30.974492+00:00,https://boutique.bancosantander.es/es/Cat%C3%A1logo/Electr%C3%B3nica/M%C3%B3viles/Galaxy-S26%2B-5G/p/SM-S947BZKDEUB,Galaxy S26+ 5G,,
ES,Santander Boutique,santander_boutique,Samsung,Samsung,mobile,Samsung Galaxy S26+ 5G,256,SM-S947BZKDEUB,financing_max_term,208.17,208.17 EUR,EUR/month,6,True,santander_api_live,2026-03-23T14:31:30.974492+00:00,https://boutique.bancosantander.es/es/Cat%C3%A1logo/Electr%C3%B3nica/M%C3%B3viles/Galaxy-S26%2B-5G/p/SM-S947BZKDEUB,Galaxy S26+ 5G,,
ES,Santander Boutique,santander_boutique,Samsung,Samsung,mobile,Samsung Galaxy S26+ 5G,256,SM-S947BZKDEUB,financing_max_term,416.33,416.33 EUR,EUR/month,3,True,santander_api_live,2026-03-23T14:31:30.974492+00:00,https://boutique.bancosantander.es/es/Cat%C3%A1logo/Electr%C3%B3nica/M%C3%B3viles/Galaxy-S26%2B-5G/p/SM-S947BZKDEUB,Galaxy S26+ 5G,,
ES,Santander Boutique,santander_boutique,Samsung,Samsung,mobile,Samsung Galaxy S26+ 5G,256,SM-S947BZKDEUB,cash,1249.0,1249.00 EUR,EUR,,True,santander_api_live,2026-03-23T14:31:30.974492+00:00,https://boutique.bancosantander.es/es/Cat%C3%A1logo/Electr%C3%B3nica/M%C3%B3viles/Galaxy-S26%2B-5G/p/SM-S947BZKDEUB,Galaxy S26+ 5G,,
ES,Santander Boutique,santander_boutique,Samsung,Samsung,mobile,Samsung Galaxy S26 Ultra 5G,256,SM-S948BZKDEUB,renting_no_insurance,36.49,36.49 EUR,EUR/month,36,True,santander_api_live,2026-03-23T14:31:31.766125+00:00,https://boutique.bancosantander.es/es/Cat%C3%A1logo/Electr%C3%B3nica/M%C3%B3viles/Galaxy-S26-Ultra-5G/p/SM-S948BZKDEUB,Galaxy S26 Ultra 5G,,
ES,Santander Boutique,santander_boutique,Samsung,Samsung,mobile,Samsung Galaxy S26 Ultra 5G,256,SM-S948BZKDEUB,renting_with_insurance,41.49,41.49 EUR,EUR/month,36,True,santander_api_live,2026-03-23T14:31:31.766125+00:00,https://boutique.bancosantander.es/es/Cat%C3%A1logo/Electr%C3%B3nica/M%C3%B3viles/Galaxy-S26-Ultra-5G/p/SM-S948BZKDEUB,Galaxy S26 Ultra 5G,,
ES,Santander Boutique,santander_boutique,Samsung,Samsung,mobile,Samsung Galaxy S26 Ultra 5G,256,SM-S948BZKDEUB,financing_max_term,54.79,54.79 EUR,EUR/month,30,True,santander_api_live,2026-03-23T14:31:31.766125+00:00,https://boutique.bancosantander.es/es/Cat%C3%A1logo/Electr%C3%B3nica/M%C3%B3viles/Galaxy-S26-Ultra-5G/p/SM-S948BZKDEUB,Galaxy S26 Ultra 5G,,
ES,Santander Boutique,santander_boutique,Samsung,Samsung,mobile,Samsung Galaxy S26 Ultra 5G,256,SM-S948BZKDEUB,financing_max_term,63.57,63.57 EUR,EUR/month,24,True,santander_api_live,2026-03-23T14:31:31.766125+00:00,https://boutique.bancosantander.es/es/Cat%C3%A1logo/Electr%C3%B3nica/M%C3%B3viles/Galaxy-S26-Ultra-5G/p/SM-S948BZKDEUB,Galaxy S26 Ultra 5G,,
ES,Santander Boutique,santander_boutique,Samsung,Samsung,mobile,Samsung Galaxy S26 Ultra 5G,256,SM-S948BZKDEUB,financing_max_term,82.43,82.43 EUR,EUR/month,18,True,santander_api_live,2026-03-23T14:31:31.766125+00:00,https://boutique.bancosantander.es/es/Cat%C3%A1logo/Electr%C3%B3nica/M%C3%B3viles/Galaxy-S26-Ultra-5G/p/SM-S948BZKDEUB,Galaxy S26 Ultra 5G,,
ES,Santander Boutique,santander_boutique,Samsung,Samsung,mobile,Samsung Galaxy S26 Ultra 5G,256,SM-S948BZKDEUB,financing_max_term,120.75,120.75 EUR,EUR/month,12,True,santander_api_live,2026-03-23T14:31:31.766125+00:00,https://boutique.bancosantander.es/es/Cat%C3%A1logo/Electr%C3%B3nica/M%C3%B3viles/Galaxy-S26-Ultra-5G/p/SM-S948BZKDEUB,Galaxy S26 Ultra 5G,,
ES,Santander Boutique,santander_boutique,Samsung,Samsung,mobile,Samsung Galaxy S26 Ultra 5G,256,SM-S948BZKDEUB,financing_max_term,241.5,241.50 EUR,EUR/month,6,True,santander_api_live,2026-03-23T14:31:31.766125+00:00,https://boutique.bancosantander.es/es/Cat%C3%A1logo/Electr%C3%B3nica/M%C3%B3viles/Galaxy-S26-Ultra-5G/p/SM-S948BZKDEUB,Galaxy S26 Ultra 5G,,
ES,Santander Boutique,santander_boutique,Samsung,Samsung,mobile,Samsung Galaxy S26 Ultra 5G,256,SM-S948BZKDEUB,financing_max_term,483.0,483.00 EUR,EUR/month,3,True,santander_api_live,2026-03-23T14:31:31.766125+00:00,https://boutique.bancosantander.es/es/Cat%C3%A1logo/Electr%C3%B3nica/M%C3%B3viles/Galaxy-S26-Ultra-5G/p/SM-S948BZKDEUB,Galaxy S26 Ultra 5G,,
ES,Santander Boutique,santander_boutique,Samsung,Samsung,mobile,Samsung Galaxy S26 Ultra 5G,256,SM-S948BZKDEUB,cash,1449.0,1449.00 EUR,EUR,,True,santander_api_live,2026-03-23T14:31:31.766125+00:00,https://boutique.bancosantander.es/es/Cat%C3%A1logo/Electr%C3%B3nica/M%C3%B3viles/Galaxy-S26-Ultra-5G/p/SM-S948BZKDEUB,Galaxy S26 Ultra 5G,,
ES,Santander Boutique,santander_boutique,Samsung,Samsung,mobile,Samsung Galaxy S26 Ultra 5G,512,SM-S948BZKGEEB,financing_max_term,58.57,58.57 EUR,EUR/month,30,True,santander_api_live,2026-03-23T14:31:32.521566+00:00,https://boutique.bancosantander.es/es/Cat%C3%A1logo/Electr%C3%B3nica/M%C3%B3viles/Galaxy-S26-Ultra-5G/p/SM-S948BZKGEEB,Galaxy S26 Ultra 5G,,
ES,Santander Boutique,santander_boutique,Samsung,Samsung,mobile,Samsung Galaxy S26 Ultra 5G,512,SM-S948BZKGEEB,financing_max_term,67.96,67.96 EUR,EUR/month,24,True,santander_api_live,2026-03-23T14:31:32.521566+00:00,https://boutique.bancosantander.es/es/Cat%C3%A1logo/Electr%C3%B3nica/M%C3%B3viles/Galaxy-S26-Ultra-5G/p/SM-S948BZKGEEB,Galaxy S26 Ultra 5G,,
ES,Santander Boutique,santander_boutique,Samsung,Samsung,mobile,Samsung Galaxy S26 Ultra 5G,512,SM-S948BZKGEEB,financing_max_term,88.11,88.11 EUR,EUR/month,18,True,santander_api_live,2026-03-23T14:31:32.521566+00:00,https://boutique.bancosantander.es/es/Cat%C3%A1logo/Electr%C3%B3nica/M%C3%B3viles/Galaxy-S26-Ultra-5G/p/SM-S948BZKGEEB,Galaxy S26 Ultra 5G,,
ES,Santander Boutique,santander_boutique,Samsung,Samsung,mobile,Samsung Galaxy S26 Ultra 5G,512,SM-S948BZKGEEB,financing_max_term,129.08,129.08 EUR,EUR/month,12,True,santander_api_live,2026-03-23T14:31:32.521566+00:00,https://boutique.bancosantander.es/es/Cat%C3%A1logo/Electr%C3%B3nica/M%C3%B3viles/Galaxy-S26-Ultra-5G/p/SM-S948BZKGEEB,Galaxy S26 Ultra 5G,,
ES,Santander Boutique,santander_boutique,Samsung,Samsung,mobile,Samsung Galaxy S26 Ultra 5G,512,SM-S948BZKGEEB,financing_max_term,258.17,258.17 EUR,EUR/month,6,True,santander_api_live,2026-03-23T14:31:32.521566+00:00,https://boutique.bancosantander.es/es/Cat%C3%A1logo/Electr%C3%B3nica/M%C3%B3viles/Galaxy-S26-Ultra-5G/p/SM-S948BZKGEEB,Galaxy S26 Ultra 5G,,
ES,Santander Boutique,santander_boutique,Samsung,Samsung,mobile,Samsung Galaxy S26 Ultra 5G,512,SM-S948BZKGEEB,financing_max_term,516.33,516.33 EUR,EUR/month,3,True,santander_api_live,2026-03-23T14:31:32.521566+00:00,https://boutique.bancosantander.es/es/Cat%C3%A1logo/Electr%C3%B3nica/M%C3%B3viles/Galaxy-S26-Ultra-5G/p/SM-S948BZKGEEB,Galaxy S26 Ultra 5G,,
ES,Santander Boutique,santander_boutique,Samsung,Samsung,mobile,Samsung Galaxy S26 Ultra 5G,512,SM-S948BZKGEEB,cash,1549.0,1549.00 EUR,EUR,,True,santander_api_live,2026-03-23T14:31:32.521566+00:00,https://boutique.bancosantander.es/es/Cat%C3%A1logo/Electr%C3%B3nica/M%C3%B3viles/Galaxy-S26-Ultra-5G/p/SM-S948BZKGEEB,Galaxy S26 Ultra 5G,,
ES,Santander Boutique,santander_boutique,Samsung,Samsung,mobile,Samsung Galaxy S26 Ultra 5G,1024,SM-S948BZKHEUB,financing_max_term,68.02,68.02 EUR,EUR/month,30,True,santander_api_live,2026-03-23T14:31:33.503326+00:00,https://boutique.bancosantander.es/es/Cat%C3%A1logo/Electr%C3%B3nica/M%C3%B3viles/Galaxy-S26-Ultra-5G/p/SM-S948BZKHEUB,Galaxy S26 Ultra 5G,,
ES,Santander Boutique,santander_boutique,Samsung,Samsung,mobile,Samsung Galaxy S26 Ultra 5G,1024,SM-S948BZKHEUB,financing_max_term,78.92,78.92 EUR,EUR/month,24,True,santander_api_live,2026-03-23T14:31:33.503326+00:00,https://boutique.bancosantander.es/es/Cat%C3%A1logo/Electr%C3%B3nica/M%C3%B3viles/Galaxy-S26-Ultra-5G/p/SM-S948BZKHEUB,Galaxy S26 Ultra 5G,,
ES,Santander Boutique,santander_boutique,Samsung,Samsung,mobile,Samsung Galaxy S26 Ultra 5G,1024,SM-S948BZKHEUB,financing_max_term,102.33,102.33 EUR,EUR/month,18,True,santander_api_live,2026-03-23T14:31:33.503326+00:00,https://boutique.bancosantander.es/es/Cat%C3%A1logo/Electr%C3%B3nica/M%C3%B3viles/Galaxy-S26-Ultra-5G/p/SM-S948BZKHEUB,Galaxy S26 Ultra 5G,,
ES,Santander Boutique,santander_boutique,Samsung,Samsung,mobile,Samsung Galaxy S26 Ultra 5G,1024,SM-S948BZKHEUB,financing_max_term,149.92,149.92 EUR,EUR/month,12,True,santander_api_live,2026-03-23T14:31:33.503326+00:00,https://boutique.bancosantander.es/es/Cat%C3%A1logo/Electr%C3%B3nica/M%C3%B3viles/Galaxy-S26-Ultra-5G/p/SM-S948BZKHEUB,Galaxy S26 Ultra 5G,,
ES,Santander Boutique,santander_boutique,Samsung,Samsung,mobile,Samsung Galaxy S26 Ultra 5G,1024,SM-S948BZKHEUB,financing_max_term,299.83,299.83 EUR,EUR/month,6,True,santander_api_live,2026-03-23T14:31:33.503326+00:00,https://boutique.bancosantander.es/es/Cat%C3%A1logo/Electr%C3%B3nica/M%C3%B3viles/Galaxy-S26-Ultra-5G/p/SM-S948BZKHEUB,Galaxy S26 Ultra 5G,,
ES,Santander Boutique,santander_boutique,Samsung,Samsung,mobile,Samsung Galaxy S26 Ultra 5G,1024,SM-S948BZKHEUB,financing_max_term,599.67,599.67 EUR,EUR/month,3,True,santander_api_live,2026-03-23T14:31:33.503326+00:00,https://boutique.bancosantander.es/es/Cat%C3%A1logo/Electr%C3%B3nica/M%C3%B3viles/Galaxy-S26-Ultra-5G/p/SM-S948BZKHEUB,Galaxy S26 Ultra 5G,,
ES,Santander Boutique,santander_boutique,Samsung,Samsung,mobile,Samsung Galaxy S26 Ultra 5G,1024,SM-S948BZKHEUB,cash,1799.0,1799.00 EUR,EUR,,True,santander_api_live,2026-03-23T14:31:33.503326+00:00,https://boutique.bancosantander.es/es/Cat%C3%A1logo/Electr%C3%B3nica/M%C3%B3viles/Galaxy-S26-Ultra-5G/p/SM-S948BZKHEUB,Galaxy S26 Ultra 5G,,
ES,Santander Boutique,santander_boutique,Samsung,Samsung,mobile,Samsung Galaxy A17 5G,128,SM-A176BZKAEUB,renting_no_insurance,8.99,8.99 EUR,EUR/month,36,True,santander_api_live,2026-03-23T14:31:34.225083+00:00,https://boutique.bancosantander.es/es/Cat%C3%A1logo/Electr%C3%B3nica/M%C3%B3viles/Galaxy-A17-5G/p/SM-A176BZKAEUB,Galaxy A17 5G,,
ES,Santander Boutique,santander_boutique,Samsung,Samsung,mobile,Samsung Galaxy Z Flip 7,256,SM-F766BZKGEUB,renting_no_insurance,30.99,30.99 EUR,EUR/month,36,True,santander_api_live,2026-03-23T14:31:35.005981+00:00,https://boutique.bancosantander.es/es/Cat%C3%A1logo/Electr%C3%B3nica/M%C3%B3viles/Galaxy-Z-Flip-7/p/SM-F766BZKGEUB,Galaxy Z Flip 7,,
ES,Santander Boutique,santander_boutique,Samsung,Samsung,mobile,Samsung Galaxy Z Flip 7,256,SM-F766BZKGEUB,renting_with_insurance,33.0,33.00 EUR,EUR/month,36,True,santander_api_live,2026-03-23T14:31:35.005981+00:00,https://boutique.bancosantander.es/es/Cat%C3%A1logo/Electr%C3%B3nica/M%C3%B3viles/Galaxy-Z-Flip-7/p/SM-F766BZKGEUB,Galaxy Z Flip 7,,
ES,Santander Boutique,santander_boutique,Samsung,Samsung,mobile,Samsung Galaxy Z Flip 7,256,SM-F766BZKGEUB,financing_max_term,38.15,38.15 EUR,EUR/month,30,True,santander_api_live,2026-03-23T14:31:35.005981+00:00,https://boutique.bancosantander.es/es/Cat%C3%A1logo/Electr%C3%B3nica/M%C3%B3viles/Galaxy-Z-Flip-7/p/SM-F766BZKGEUB,Galaxy Z Flip 7,,
ES,Santander Boutique,santander_boutique,Samsung,Samsung,mobile,Samsung Galaxy Z Flip 7,256,SM-F766BZKGEUB,financing_max_term,44.27,44.27 EUR,EUR/month,24,True,santander_api_live,2026-03-23T14:31:35.005981+00:00,https://boutique.bancosantander.es/es/Cat%C3%A1logo/Electr%C3%B3nica/M%C3%B3viles/Galaxy-Z-Flip-7/p/SM-F766BZKGEUB,Galaxy Z Flip 7,,
ES,Santander Boutique,santander_boutique,Samsung,Samsung,mobile,Samsung Galaxy Z Flip 7,256,SM-F766BZKGEUB,financing_max_term,57.4,57.40 EUR,EUR/month,18,True,santander_api_live,2026-03-23T14:31:35.005981+00:00,https://boutique.bancosantander.es/es/Cat%C3%A1logo/Electr%C3%B3nica/M%C3%B3viles/Galaxy-Z-Flip-7/p/SM-F766BZKGEUB,Galaxy Z Flip 7,,
ES,Santander Boutique,santander_boutique,Samsung,Samsung,mobile,Samsung Galaxy Z Flip 7,256,SM-F766BZKGEUB,financing_max_term,84.08,84.08 EUR,EUR/month,12,True,santander_api_live,2026-03-23T14:31:35.005981+00:00,https://boutique.bancosantander.es/es/Cat%C3%A1logo/Electr%C3%B3nica/M%C3%B3viles/Galaxy-Z-Flip-7/p/SM-F766BZKGEUB,Galaxy Z Flip 7,,
ES,Santander Boutique,santander_boutique,Samsung,Samsung,mobile,Samsung Galaxy Z Flip 7,256,SM-F766BZKGEUB,financing_max_term,168.17,168.17 EUR,EUR/month,6,True,santander_api_live,2026-03-23T14:31:35.005981+00:00,https://boutique.bancosantander.es/es/Cat%C3%A1logo/Electr%C3%B3nica/M%C3%B3viles/Galaxy-Z-Flip-7/p/SM-F766BZKGEUB,Galaxy Z Flip 7,,
ES,Santander Boutique,santander_boutique,Samsung,Samsung,mobile,Samsung Galaxy Z Flip 7,256,SM-F766BZKGEUB,financing_max_term,336.33,336.33 EUR,EUR/month,3,True,santander_api_live,2026-03-23T14:31:35.005981+00:00,https://boutique.bancosantander.es/es/Cat%C3%A1logo/Electr%C3%B3nica/M%C3%B3viles/Galaxy-Z-Flip-7/p/SM-F766BZKGEUB,Galaxy Z Flip 7,,
ES,Santander Boutique,santander_boutique,Samsung,Samsung,mobile,Samsung Galaxy Z Flip 7,256,SM-F766BZKGEUB,cash,1009.0,1009.00 EUR,EUR,,True,santander_api_live,2026-03-23T14:31:35.005981+00:00,https://boutique.bancosantander.es/es/Cat%C3%A1logo/Electr%C3%B3nica/M%C3%B3viles/Galaxy-Z-Flip-7/p/SM-F766BZKGEUB,Galaxy Z Flip 7,,
ES,Santander Boutique,santander_boutique,Samsung,Samsung,mobile,Samsung Galaxy Z Fold 7,256,SM-F966BZKBEUB,renting_no_insurance,59.99,59.99 EUR,EUR/month,36,True,santander_api_live,2026-03-23T14:31:35.819044+00:00,https://boutique.bancosantander.es/es/Cat%C3%A1logo/Electr%C3%B3nica/M%C3%B3viles/Galaxy-Z-Fold-7/p/SM-F966BZKBEUB,Galaxy Z Fold 7,,
ES,Santander Boutique,santander_boutique,Samsung,Samsung,mobile,Samsung Galaxy Z Fold 7,256,SM-F966BZKBEUB,renting_with_insurance,64.0,64.00 EUR,EUR/month,36,True,santander_api_live,2026-03-23T14:31:35.819044+00:00,https://boutique.bancosantander.es/es/Cat%C3%A1logo/Electr%C3%B3nica/M%C3%B3viles/Galaxy-Z-Fold-7/p/SM-F966BZKBEUB,Galaxy Z Fold 7,,
ES,Santander Boutique,santander_boutique,Samsung,Samsung,mobile,Samsung Galaxy Z Fold 7,256,SM-F966BZKBEUB,financing_max_term,75.59,75.59 EUR,EUR/month,30,True,santander_api_live,2026-03-23T14:31:35.819044+00:00,https://boutique.bancosantander.es/es/Cat%C3%A1logo/Electr%C3%B3nica/M%C3%B3viles/Galaxy-Z-Fold-7/p/SM-F966BZKBEUB,Galaxy Z Fold 7,,
ES,Santander Boutique,santander_boutique,Samsung,Samsung,mobile,Samsung Galaxy Z Fold 7,256,SM-F966BZKBEUB,financing_max_term,87.7,87.70 EUR,EUR/month,24,True,santander_api_live,2026-03-23T14:31:35.819044+00:00,https://boutique.bancosantander.es/es/Cat%C3%A1logo/Electr%C3%B3nica/M%C3%B3viles/Galaxy-Z-Fold-7/p/SM-F966BZKBEUB,Galaxy Z Fold 7,,
ES,Santander Boutique,santander_boutique,Samsung,Samsung,mobile,Samsung Galaxy Z Fold 7,256,SM-F966BZKBEUB,financing_max_term,113.71,113.71 EUR,EUR/month,18,True,santander_api_live,2026-03-23T14:31:35.819044+00:00,https://boutique.bancosantander.es/es/Cat%C3%A1logo/Electr%C3%B3nica/M%C3%B3viles/Galaxy-Z-Fold-7/p/SM-F966BZKBEUB,Galaxy Z Fold 7,,
ES,Santander Boutique,santander_boutique,Samsung,Samsung,mobile,Samsung Galaxy Z Fold 7,256,SM-F966BZKBEUB,financing_max_term,166.58,166.58 EUR,EUR/month,12,True,santander_api_live,2026-03-23T14:31:35.819044+00:00,https://boutique.bancosantander.es/es/Cat%C3%A1logo/Electr%C3%B3nica/M%C3%B3viles/Galaxy-Z-Fold-7/p/SM-F966BZKBEUB,Galaxy Z Fold 7,,
ES,Santander Boutique,santander_boutique,Samsung,Samsung,mobile,Samsung Galaxy Z Fold 7,256,SM-F966BZKBEUB,financing_max_term,333.17,333.17 EUR,EUR/month,6,True,santander_api_live,2026-03-23T14:31:35.819044+00:00,https://boutique.bancosantander.es/es/Cat%C3%A1logo/Electr%C3%B3nica/M%C3%B3viles/Galaxy-Z-Fold-7/p/SM-F966BZKBEUB,Galaxy Z Fold 7,,
ES,Santander Boutique,santander_boutique,Samsung,Samsung,mobile,Samsung Galaxy Z Fold 7,256,SM-F966BZKBEUB,financing_max_term,666.33,666.33 EUR,EUR/month,3,True,santander_api_live,2026-03-23T14:31:35.819044+00:00,https://boutique.bancosantander.es/es/Cat%C3%A1logo/Electr%C3%B3nica/M%C3%B3viles/Galaxy-Z-Fold-7/p/SM-F966BZKBEUB,Galaxy Z Fold 7,,
ES,Santander Boutique,santander_boutique,Samsung,Samsung,mobile,Samsung Galaxy Z Fold 7,256,SM-F966BZKBEUB,cash,1999.0,1999.00 EUR,EUR,,True,santander_api_live,2026-03-23T14:31:35.819044+00:00,https://boutique.bancosantander.es/es/Cat%C3%A1logo/Electr%C3%B3nica/M%C3%B3viles/Galaxy-Z-Fold-7/p/SM-F966BZKBEUB,Galaxy Z Fold 7,,
ES,Santander Boutique,santander_boutique,Samsung,Samsung,mobile,Samsung Galaxy S25 FE 5G,128,SM-S731BZKDEEB,renting_no_insurance,23.99,23.99 EUR,EUR/month,36,True,santander_api_live,2026-03-23T14:31:36.521664+00:00,https://boutique.bancosantander.es/es/Cat%C3%A1logo/Electr%C3%B3nica/M%C3%B3viles/Galaxy-S25-FE-5G-128GB/p/SM-S731BZKDEEB,Galaxy S25 FE 5G,,
ES,Santander Boutique,santander_boutique,Samsung,Samsung,mobile,Samsung Galaxy S25 FE 5G,128,SM-S731BZKDEEB,renting_with_insurance,25.99,25.99 EUR,EUR/month,36,True,santander_api_live,2026-03-23T14:31:36.521664+00:00,https://boutique.bancosantander.es/es/Cat%C3%A1logo/Electr%C3%B3nica/M%C3%B3viles/Galaxy-S25-FE-5G-128GB/p/SM-S731BZKDEEB,Galaxy S25 FE 5G,,
ES,Santander Boutique,santander_boutique,Samsung,Samsung,mobile,Samsung Galaxy S25 FE 5G,128,SM-S731BZKDEEB,financing_max_term,27.56,27.56 EUR,EUR/month,30,True,santander_api_live,2026-03-23T14:31:36.521664+00:00,https://boutique.bancosantander.es/es/Cat%C3%A1logo/Electr%C3%B3nica/M%C3%B3viles/Galaxy-S25-FE-5G-128GB/p/SM-S731BZKDEEB,Galaxy S25 FE 5G,,
ES,Santander Boutique,santander_boutique,Samsung,Samsung,mobile,Samsung Galaxy S25 FE 5G,128,SM-S731BZKDEEB,financing_max_term,31.98,31.98 EUR,EUR/month,24,True,santander_api_live,2026-03-23T14:31:36.521664+00:00,https://boutique.bancosantander.es/es/Cat%C3%A1logo/Electr%C3%B3nica/M%C3%B3viles/Galaxy-S25-FE-5G-128GB/p/SM-S731BZKDEEB,Galaxy S25 FE 5G,,
ES,Santander Boutique,santander_boutique,Samsung,Samsung,mobile,Samsung Galaxy S25 FE 5G,128,SM-S731BZKDEEB,financing_max_term,41.47,41.47 EUR,EUR/month,18,True,santander_api_live,2026-03-23T14:31:36.521664+00:00,https://boutique.bancosantander.es/es/Cat%C3%A1logo/Electr%C3%B3nica/M%C3%B3viles/Galaxy-S25-FE-5G-128GB/p/SM-S731BZKDEEB,Galaxy S25 FE 5G,,
ES,Santander Boutique,santander_boutique,Samsung,Samsung,mobile,Samsung Galaxy S25 FE 5G,128,SM-S731BZKDEEB,financing_max_term,60.75,60.75 EUR,EUR/month,12,True,santander_api_live,2026-03-23T14:31:36.521664+00:00,https://boutique.bancosantander.es/es/Cat%C3%A1logo/Electr%C3%B3nica/M%C3%B3viles/Galaxy-S25-FE-5G-128GB/p/SM-S731BZKDEEB,Galaxy S25 FE 5G,,
ES,Santander Boutique,santander_boutique,Samsung,Samsung,mobile,Samsung Galaxy S25 FE 5G,128,SM-S731BZKDEEB,financing_max_term,121.5,121.50 EUR,EUR/month,6,True,santander_api_live,2026-03-23T14:31:36.521664+00:00,https://boutique.bancosantander.es/es/Cat%C3%A1logo/Electr%C3%B3nica/M%C3%B3viles/Galaxy-S25-FE-5G-128GB/p/SM-S731BZKDEEB,Galaxy S25 FE 5G,,
ES,Santander Boutique,santander_boutique,Samsung,Samsung,mobile,Samsung Galaxy S25 FE 5G,128,SM-S731BZKDEEB,financing_max_term,243.0,243.00 EUR,EUR/month,3,True,santander_api_live,2026-03-23T14:31:36.521664+00:00,https://boutique.bancosantander.es/es/Cat%C3%A1logo/Electr%C3%B3nica/M%C3%B3viles/Galaxy-S25-FE-5G-128GB/p/SM-S731BZKDEEB,Galaxy S25 FE 5G,,
ES,Santander Boutique,santander_boutique,Samsung,Samsung,mobile,Samsung Galaxy S25 FE 5G,128,SM-S731BZKDEEB,cash,729.0,729.00 EUR,EUR,,True,santander_api_live,2026-03-23T14:31:36.521664+00:00,https://boutique.bancosantander.es/es/Cat%C3%A1logo/Electr%C3%B3nica/M%C3%B3viles/Galaxy-S25-FE-5G-128GB/p/SM-S731BZKDEEB,Galaxy S25 FE 5G,,
ES,Santander Boutique,santander_boutique,Samsung,Samsung,tablet,Samsung Galaxy Tab S11 Ultra wifi,256,SM-X930NZAREUB,renting_no_insurance,39.99,39.99 EUR,EUR/month,36,True,santander_api_live,2026-03-23T14:31:37.524394+00:00,https://boutique.bancosantander.es/es/Cat%C3%A1logo/Electr%C3%B3nica/Tablets/Galaxy-Tab-S11-Ultra-wifi---256gb/p/SM-X930NZAREUB,Galaxy Tab S11 Ultra wifi - 256gb,,
ES,Santander Boutique,santander_boutique,Samsung,Samsung,tablet,Samsung Galaxy Tab S11 Ultra wifi,256,SM-X930NZAREUB,renting_with_insurance,42.99,42.99 EUR,EUR/month,36,True,santander_api_live,2026-03-23T14:31:37.524394+00:00,https://boutique.bancosantander.es/es/Cat%C3%A1logo/Electr%C3%B3nica/Tablets/Galaxy-Tab-S11-Ultra-wifi---256gb/p/SM-X930NZAREUB,Galaxy Tab S11 Ultra wifi - 256gb,,
ES,Santander Boutique,santander_boutique,Samsung,Samsung,tablet,Samsung Galaxy Tab S11 Ultra wifi,256,SM-X930NZAREUB,financing_max_term,50.63,50.63 EUR,EUR/month,30,True,santander_api_live,2026-03-23T14:31:37.524394+00:00,https://boutique.bancosantander.es/es/Cat%C3%A1logo/Electr%C3%B3nica/Tablets/Galaxy-Tab-S11-Ultra-wifi---256gb/p/SM-X930NZAREUB,Galaxy Tab S11 Ultra wifi - 256gb,,
ES,Santander Boutique,santander_boutique,Samsung,Samsung,tablet,Samsung Galaxy Tab S11 Ultra wifi,256,SM-X930NZAREUB,financing_max_term,58.74,58.74 EUR,EUR/month,24,True,santander_api_live,2026-03-23T14:31:37.524394+00:00,https://boutique.bancosantander.es/es/Cat%C3%A1logo/Electr%C3%B3nica/Tablets/Galaxy-Tab-S11-Ultra-wifi---256gb/p/SM-X930NZAREUB,Galaxy Tab S11 Ultra wifi - 256gb,,
ES,Santander Boutique,santander_boutique,Samsung,Samsung,tablet,Samsung Galaxy Tab S11 Ultra wifi,256,SM-X930NZAREUB,financing_max_term,76.17,76.17 EUR,EUR/month,18,True,santander_api_live,2026-03-23T14:31:37.524394+00:00,https://boutique.bancosantander.es/es/Cat%C3%A1logo/Electr%C3%B3nica/Tablets/Galaxy-Tab-S11-Ultra-wifi---256gb/p/SM-X930NZAREUB,Galaxy Tab S11 Ultra wifi - 256gb,,
ES,Santander Boutique,santander_boutique,Samsung,Samsung,tablet,Samsung Galaxy Tab S11 Ultra wifi,256,SM-X930NZAREUB,financing_max_term,111.58,111.58 EUR,EUR/month,12,True,santander_api_live,2026-03-23T14:31:37.524394+00:00,https://boutique.bancosantander.es/es/Cat%C3%A1logo/Electr%C3%B3nica/Tablets/Galaxy-Tab-S11-Ultra-wifi---256gb/p/SM-X930NZAREUB,Galaxy Tab S11 Ultra wifi - 256gb,,
ES,Santander Boutique,santander_boutique,Samsung,Samsung,tablet,Samsung Galaxy Tab S11 Ultra wifi,256,SM-X930NZAREUB,financing_max_term,223.17,223.17 EUR,EUR/month,6,True,santander_api_live,2026-03-23T14:31:37.524394+00:00,https://boutique.bancosantander.es/es/Cat%C3%A1logo/Electr%C3%B3nica/Tablets/Galaxy-Tab-S11-Ultra-wifi---256gb/p/SM-X930NZAREUB,Galaxy Tab S11 Ultra wifi - 256gb,,
ES,Santander Boutique,santander_boutique,Samsung,Samsung,tablet,Samsung Galaxy Tab S11 Ultra wifi,256,SM-X930NZAREUB,financing_max_term,446.33,446.33 EUR,EUR/month,3,True,santander_api_live,2026-03-23T14:31:37.524394+00:00,https://boutique.bancosantander.es/es/Cat%C3%A1logo/Electr%C3%B3nica/Tablets/Galaxy-Tab-S11-Ultra-wifi---256gb/p/SM-X930NZAREUB,Galaxy Tab S11 Ultra wifi - 256gb,,
ES,Santander Boutique,santander_boutique,Samsung,Samsung,tablet,Samsung Galaxy Tab S11 Ultra wifi,256,SM-X930NZAREUB,cash,1339.0,1339.00 EUR,EUR,,True,santander_api_live,2026-03-23T14:31:37.524394+00:00,https://boutique.bancosantander.es/es/Cat%C3%A1logo/Electr%C3%B3nica/Tablets/Galaxy-Tab-S11-Ultra-wifi---256gb/p/SM-X930NZAREUB,Galaxy Tab S11 Ultra wifi - 256gb,,
ES,Santander Boutique,santander_boutique,Samsung,Samsung,tablet,Samsung Galaxy Tab S10 Lite WiFi,128,SM-X400NZAREUB,renting_no_insurance,11.99,11.99 EUR,EUR/month,36,True,santander_api_live,2026-03-23T14:31:38.396265+00:00,https://boutique.bancosantander.es/es/Cat%C3%A1logo/Electr%C3%B3nica/Tablets/Galaxy-Tab-S10-Lite-128GB/p/SM-X400NZAREUB,Galaxy Tab S10 Lite WiFi 128GB,,
ES,Santander Boutique,santander_boutique,Samsung,Samsung,tablet,Samsung Galaxy Tab S10 Lite WiFi,128,SM-X400NZAREUB,financing_max_term,13.57,13.57 EUR,EUR/month,30,True,santander_api_live,2026-03-23T14:31:38.396265+00:00,https://boutique.bancosantander.es/es/Cat%C3%A1logo/Electr%C3%B3nica/Tablets/Galaxy-Tab-S10-Lite-128GB/p/SM-X400NZAREUB,Galaxy Tab S10 Lite WiFi 128GB,,
ES,Santander Boutique,santander_boutique,Samsung,Samsung,tablet,Samsung Galaxy Tab S10 Lite WiFi,128,SM-X400NZAREUB,financing_max_term,15.75,15.75 EUR,EUR/month,24,True,santander_api_live,2026-03-23T14:31:38.396265+00:00,https://boutique.bancosantander.es/es/Cat%C3%A1logo/Electr%C3%B3nica/Tablets/Galaxy-Tab-S10-Lite-128GB/p/SM-X400NZAREUB,Galaxy Tab S10 Lite WiFi 128GB,,
ES,Santander Boutique,santander_boutique,Samsung,Samsung,tablet,Samsung Galaxy Tab S10 Lite WiFi,128,SM-X400NZAREUB,financing_max_term,20.42,20.42 EUR,EUR/month,18,True,santander_api_live,2026-03-23T14:31:38.396265+00:00,https://boutique.bancosantander.es/es/Cat%C3%A1logo/Electr%C3%B3nica/Tablets/Galaxy-Tab-S10-Lite-128GB/p/SM-X400NZAREUB,Galaxy Tab S10 Lite WiFi 128GB,,
ES,Santander Boutique,santander_boutique,Samsung,Samsung,tablet,Samsung Galaxy Tab S10 Lite WiFi,128,SM-X400NZAREUB,financing_max_term,29.92,29.92 EUR,EUR/month,12,True,santander_api_live,2026-03-23T14:31:38.396265+00:00,https://boutique.bancosantander.es/es/Cat%C3%A1logo/Electr%C3%B3nica/Tablets/Galaxy-Tab-S10-Lite-128GB/p/SM-X400NZAREUB,Galaxy Tab S10 Lite WiFi 128GB,,
ES,Santander Boutique,santander_boutique,Samsung,Samsung,tablet,Samsung Galaxy Tab S10 Lite WiFi,128,SM-X400NZAREUB,financing_max_term,59.83,59.83 EUR,EUR/month,6,True,santander_api_live,2026-03-23T14:31:38.396265+00:00,https://boutique.bancosantander.es/es/Cat%C3%A1logo/Electr%C3%B3nica/Tablets/Galaxy-Tab-S10-Lite-128GB/p/SM-X400NZAREUB,Galaxy Tab S10 Lite WiFi 128GB,,
ES,Santander Boutique,santander_boutique,Samsung,Samsung,tablet,Samsung Galaxy Tab S10 Lite WiFi,128,SM-X400NZAREUB,financing_max_term,119.67,119.67 EUR,EUR/month,3,True,santander_api_live,2026-03-23T14:31:38.396265+00:00,https://boutique.bancosantander.es/es/Cat%C3%A1logo/Electr%C3%B3nica/Tablets/Galaxy-Tab-S10-Lite-128GB/p/SM-X400NZAREUB,Galaxy Tab S10 Lite WiFi 128GB,,
ES,Santander Boutique,santander_boutique,Samsung,Samsung,tablet,Samsung Galaxy Tab S10 Lite WiFi,128,SM-X400NZAREUB,cash,359.0,359.00 EUR,EUR,,True,santander_api_live,2026-03-23T14:31:38.396265+00:00,https://boutique.bancosantander.es/es/Cat%C3%A1logo/Electr%C3%B3nica/Tablets/Galaxy-Tab-S10-Lite-128GB/p/SM-X400NZAREUB,Galaxy Tab S10 Lite WiFi 128GB,,
ES,Santander Boutique,santander_boutique,Samsung,Samsung,laptop,Samsung Galaxy Book5 Pro 14 Ultra5,512,NP944XHA-KG1ES,renting_no_insurance,51.99,51.99 EUR,EUR/month,36,True,santander_api_live,2026-03-23T14:31:39.130909+00:00,https://boutique.bancosantander.es/es/Cat%C3%A1logo/Electr%C3%B3nica/Port%C3%A1tiles/Galaxy-Book5-Pro-14%22-Ultra5-16GB-512GB/p/NP944XHA-KG1ES,"Galaxy Book5 Pro 14"" Ultra5 16GB 512GB",,
ES,Santander Boutique,santander_boutique,Samsung,Samsung,laptop,Samsung Galaxy Book5 Pro 14 Ultra5,512,NP944XHA-KG1ES,financing_max_term,62.35,62.35 EUR,EUR/month,30,True,santander_api_live,2026-03-23T14:31:39.130909+00:00,https://boutique.bancosantander.es/es/Cat%C3%A1logo/Electr%C3%B3nica/Port%C3%A1tiles/Galaxy-Book5-Pro-14%22-Ultra5-16GB-512GB/p/NP944XHA-KG1ES,"Galaxy Book5 Pro 14"" Ultra5 16GB 512GB",,
ES,Santander Boutique,santander_boutique,Samsung,Samsung,laptop,Samsung Galaxy Book5 Pro 14 Ultra5,512,NP944XHA-KG1ES,financing_max_term,72.34,72.34 EUR,EUR/month,24,True,santander_api_live,2026-03-23T14:31:39.130909+00:00,https://boutique.bancosantander.es/es/Cat%C3%A1logo/Electr%C3%B3nica/Port%C3%A1tiles/Galaxy-Book5-Pro-14%22-Ultra5-16GB-512GB/p/NP944XHA-KG1ES,"Galaxy Book5 Pro 14"" Ultra5 16GB 512GB",,
ES,Santander Boutique,santander_boutique,Samsung,Samsung,laptop,Samsung Galaxy Book5 Pro 14 Ultra5,512,NP944XHA-KG1ES,financing_max_term,93.8,93.80 EUR,EUR/month,18,True,santander_api_live,2026-03-23T14:31:39.130909+00:00,https://boutique.bancosantander.es/es/Cat%C3%A1logo/Electr%C3%B3nica/Port%C3%A1tiles/Galaxy-Book5-Pro-14%22-Ultra5-16GB-512GB/p/NP944XHA-KG1ES,"Galaxy Book5 Pro 14"" Ultra5 16GB 512GB",,
ES,Santander Boutique,santander_boutique,Samsung,Samsung,laptop,Samsung Galaxy Book5 Pro 14 Ultra5,512,NP944XHA-KG1ES,financing_max_term,137.42,137.42 EUR,EUR/month,12,True,santander_api_live,2026-03-23T14:31:39.130909+00:00,https://boutique.bancosantander.es/es/Cat%C3%A1logo/Electr%C3%B3nica/Port%C3%A1tiles/Galaxy-Book5-Pro-14%22-Ultra5-16GB-512GB/p/NP944XHA-KG1ES,"Galaxy Book5 Pro 14"" Ultra5 16GB 512GB",,
ES,Santander Boutique,santander_boutique,Samsung,Samsung,laptop,Samsung Galaxy Book5 Pro 14 Ultra5,512,NP944XHA-KG1ES,financing_max_term,274.83,274.83 EUR,EUR/month,6,True,santander_api_live,2026-03-23T14:31:39.130909+00:00,https://boutique.bancosantander.es/es/Cat%C3%A1logo/Electr%C3%B3nica/Port%C3%A1tiles/Galaxy-Book5-Pro-14%22-Ultra5-16GB-512GB/p/NP944XHA-KG1ES,"Galaxy Book5 Pro 14"" Ultra5 16GB 512GB",,
ES,Santander Boutique,santander_boutique,Samsung,Samsung,laptop,Samsung Galaxy Book5 Pro 14 Ultra5,512,NP944XHA-KG1ES,financing_max_term,549.67,549.67 EUR,EUR/month,3,True,santander_api_live,2026-03-23T14:31:39.130909+00:00,https://boutique.bancosantander.es/es/Cat%C3%A1logo/Electr%C3%B3nica/Port%C3%A1tiles/Galaxy-Book5-Pro-14%22-Ultra5-16GB-512GB/p/NP944XHA-KG1ES,"Galaxy Book5 Pro 14"" Ultra5 16GB 512GB",,
ES,Santander Boutique,santander_boutique,Samsung,Samsung,laptop,Samsung Galaxy Book5 Pro 14 Ultra5,512,NP944XHA-KG1ES,cash,1649.0,1649.00 EUR,EUR,,True,santander_api_live,2026-03-23T14:31:39.130909+00:00,https://boutique.bancosantander.es/es/Cat%C3%A1logo/Electr%C3%B3nica/Port%C3%A1tiles/Galaxy-Book5-Pro-14%22-Ultra5-16GB-512GB/p/NP944XHA-KG1ES,"Galaxy Book5 Pro 14"" Ultra5 16GB 512GB",,
ES,Santander Boutique,santander_boutique,Samsung,Samsung,mobile,Samsung Galaxy A56 5G,128,SM-A566BZKAEEB,renting_no_insurance,14.99,14.99 EUR,EUR/month,36,True,santander_api_live,2026-03-23T14:31:39.875183+00:00,https://boutique.bancosantander.es/es/Cat%C3%A1logo/Electr%C3%B3nica/M%C3%B3viles/Galaxy-A56-5G-128GB/p/SM-A566BZKAEEB,Galaxy A56 5G 128GB,,
ES,Santander Boutique,santander_boutique,Samsung,Samsung,mobile,Samsung Galaxy A56 5G,128,SM-A566BZKAEEB,financing_max_term,14.71,14.71 EUR,EUR/month,30,True,santander_api_live,2026-03-23T14:31:39.875183+00:00,https://boutique.bancosantander.es/es/Cat%C3%A1logo/Electr%C3%B3nica/M%C3%B3viles/Galaxy-A56-5G-128GB/p/SM-A566BZKAEEB,Galaxy A56 5G 128GB,,
ES,Santander Boutique,santander_boutique,Samsung,Samsung,mobile,Samsung Galaxy A56 5G,128,SM-A566BZKAEEB,financing_max_term,17.07,17.07 EUR,EUR/month,24,True,santander_api_live,2026-03-23T14:31:39.875183+00:00,https://boutique.bancosantander.es/es/Cat%C3%A1logo/Electr%C3%B3nica/M%C3%B3viles/Galaxy-A56-5G-128GB/p/SM-A566BZKAEEB,Galaxy A56 5G 128GB,,
ES,Santander Boutique,santander_boutique,Samsung,Samsung,mobile,Samsung Galaxy A56 5G,128,SM-A566BZKAEEB,financing_max_term,22.13,22.13 EUR,EUR/month,18,True,santander_api_live,2026-03-23T14:31:39.875183+00:00,https://boutique.bancosantander.es/es/Cat%C3%A1logo/Electr%C3%B3nica/M%C3%B3viles/Galaxy-A56-5G-128GB/p/SM-A566BZKAEEB,Galaxy A56 5G 128GB,,
ES,Santander Boutique,santander_boutique,Samsung,Samsung,mobile,Samsung Galaxy A56 5G,128,SM-A566BZKAEEB,financing_max_term,32.42,32.42 EUR,EUR/month,12,True,santander_api_live,2026-03-23T14:31:39.875183+00:00,https://boutique.bancosantander.es/es/Cat%C3%A1logo/Electr%C3%B3nica/M%C3%B3viles/Galaxy-A56-5G-128GB/p/SM-A566BZKAEEB,Galaxy A56 5G 128GB,,
ES,Santander Boutique,santander_boutique,Samsung,Samsung,mobile,Samsung Galaxy A56 5G,128,SM-A566BZKAEEB,financing_max_term,64.83,64.83 EUR,EUR/month,6,True,santander_api_live,2026-03-23T14:31:39.875183+00:00,https://boutique.bancosantander.es/es/Cat%C3%A1logo/Electr%C3%B3nica/M%C3%B3viles/Galaxy-A56-5G-128GB/p/SM-A566BZKAEEB,Galaxy A56 5G 128GB,,
ES,Santander Boutique,santander_boutique,Samsung,Samsung,mobile,Samsung Galaxy A56 5G,128,SM-A566BZKAEEB,financing_max_term,129.67,129.67 EUR,EUR/month,3,True,santander_api_live,2026-03-23T14:31:39.875183+00:00,https://boutique.bancosantander.es/es/Cat%C3%A1logo/Electr%C3%B3nica/M%C3%B3viles/Galaxy-A56-5G-128GB/p/SM-A566BZKAEEB,Galaxy A56 5G 128GB,,
ES,Santander Boutique,santander_boutique,Samsung,Samsung,mobile,Samsung Galaxy A56 5G,128,SM-A566BZKAEEB,cash,389.0,389.00 EUR,EUR,,True,santander_api_live,2026-03-23T14:31:39.875183+00:00,https://boutique.bancosantander.es/es/Cat%C3%A1logo/Electr%C3%B3nica/M%C3%B3viles/Galaxy-A56-5G-128GB/p/SM-A566BZKAEEB,Galaxy A56 5G 128GB,,
ES,Santander Boutique,santander_boutique,Samsung,Samsung,mobile,Samsung Galaxy A36 5G,128,SM-A366BZKBEEB,renting_no_insurance,11.99,11.99 EUR,EUR/month,36,True,santander_api_live,2026-03-23T14:31:40.617862+00:00,https://boutique.bancosantander.es/es/Cat%C3%A1logo/Electr%C3%B3nica/M%C3%B3viles/Galaxy-A36-5G-128GB/p/SM-A366BZKBEEB,Galaxy A36 5G 128GB,,
ES,Santander Boutique,santander_boutique,Samsung,Samsung,mobile,Samsung Galaxy A36 5G,128,SM-A366BZKBEEB,financing_max_term,11.31,11.31 EUR,EUR/month,30,True,santander_api_live,2026-03-23T14:31:40.617862+00:00,https://boutique.bancosantander.es/es/Cat%C3%A1logo/Electr%C3%B3nica/M%C3%B3viles/Galaxy-A36-5G-128GB/p/SM-A366BZKBEEB,Galaxy A36 5G 128GB,,
ES,Santander Boutique,santander_boutique,Samsung,Samsung,mobile,Samsung Galaxy A36 5G,128,SM-A366BZKBEEB,financing_max_term,13.12,13.12 EUR,EUR/month,24,True,santander_api_live,2026-03-23T14:31:40.617862+00:00,https://boutique.bancosantander.es/es/Cat%C3%A1logo/Electr%C3%B3nica/M%C3%B3viles/Galaxy-A36-5G-128GB/p/SM-A366BZKBEEB,Galaxy A36 5G 128GB,,
ES,Santander Boutique,santander_boutique,Samsung,Samsung,mobile,Samsung Galaxy A36 5G,128,SM-A366BZKBEEB,financing_max_term,17.01,17.01 EUR,EUR/month,18,True,santander_api_live,2026-03-23T14:31:40.617862+00:00,https://boutique.bancosantander.es/es/Cat%C3%A1logo/Electr%C3%B3nica/M%C3%B3viles/Galaxy-A36-5G-128GB/p/SM-A366BZKBEEB,Galaxy A36 5G 128GB,,
ES,Santander Boutique,santander_boutique,Samsung,Samsung,mobile,Samsung Galaxy A36 5G,128,SM-A366BZKBEEB,financing_max_term,24.92,24.92 EUR,EUR/month,12,True,santander_api_live,2026-03-23T14:31:40.617862+00:00,https://boutique.bancosantander.es/es/Cat%C3%A1logo/Electr%C3%B3nica/M%C3%B3viles/Galaxy-A36-5G-128GB/p/SM-A366BZKBEEB,Galaxy A36 5G 128GB,,
ES,Santander Boutique,santander_boutique,Samsung,Samsung,mobile,Samsung Galaxy A36 5G,128,SM-A366BZKBEEB,financing_max_term,49.83,49.83 EUR,EUR/month,6,True,santander_api_live,2026-03-23T14:31:40.617862+00:00,https://boutique.bancosantander.es/es/Cat%C3%A1logo/Electr%C3%B3nica/M%C3%B3viles/Galaxy-A36-5G-128GB/p/SM-A366BZKBEEB,Galaxy A36 5G 128GB,,
ES,Santander Boutique,santander_boutique,Samsung,Samsung,mobile,Samsung Galaxy A36 5G,128,SM-A366BZKBEEB,financing_max_term,99.67,99.67 EUR,EUR/month,3,True,santander_api_live,2026-03-23T14:31:40.617862+00:00,https://boutique.bancosantander.es/es/Cat%C3%A1logo/Electr%C3%B3nica/M%C3%B3viles/Galaxy-A36-5G-128GB/p/SM-A366BZKBEEB,Galaxy A36 5G 128GB,,
ES,Santander Boutique,santander_boutique,Samsung,Samsung,mobile,Samsung Galaxy A36 5G,128,SM-A366BZKBEEB,cash,299.0,299.00 EUR,EUR,,True,santander_api_live,2026-03-23T14:31:40.617862+00:00,https://boutique.bancosantander.es/es/Cat%C3%A1logo/Electr%C3%B3nica/M%C3%B3viles/Galaxy-A36-5G-128GB/p/SM-A366BZKBEEB,Galaxy A36 5G 128GB,,
ES,Santander Boutique,santander_boutique,Samsung,Samsung,mobile,Samsung Galaxy S25,256,SM-S931BZSGEUB,renting_no_insurance,24.99,24.99 EUR,EUR/month,36,True,santander_api_live,2026-03-23T14:31:41.454781+00:00,https://boutique.bancosantander.es/es/Cat%C3%A1logo/Electr%C3%B3nica/M%C3%B3viles/Galaxy-S25/p/SM-S931BZSGEUB,Galaxy S25,,
ES,Santander Boutique,santander_boutique,Samsung,Samsung,mobile,Samsung Galaxy S25,256,SM-S931BZSGEUB,renting_with_insurance,27.0,27.00 EUR,EUR/month,36,True,santander_api_live,2026-03-23T14:31:41.454781+00:00,https://boutique.bancosantander.es/es/Cat%C3%A1logo/Electr%C3%B3nica/M%C3%B3viles/Galaxy-S25/p/SM-S931BZSGEUB,Galaxy S25,,
ES,Santander Boutique,santander_boutique,Samsung,Samsung,mobile,Samsung Galaxy S25,256,SM-S931BZSGEUB,financing_max_term,30.21,30.21 EUR,EUR/month,30,True,santander_api_live,2026-03-23T14:31:41.454781+00:00,https://boutique.bancosantander.es/es/Cat%C3%A1logo/Electr%C3%B3nica/M%C3%B3viles/Galaxy-S25/p/SM-S931BZSGEUB,Galaxy S25,,
ES,Santander Boutique,santander_boutique,Samsung,Samsung,mobile,Samsung Galaxy S25,256,SM-S931BZSGEUB,financing_max_term,35.05,35.05 EUR,EUR/month,24,True,santander_api_live,2026-03-23T14:31:41.454781+00:00,https://boutique.bancosantander.es/es/Cat%C3%A1logo/Electr%C3%B3nica/M%C3%B3viles/Galaxy-S25/p/SM-S931BZSGEUB,Galaxy S25,,
ES,Santander Boutique,santander_boutique,Samsung,Samsung,mobile,Samsung Galaxy S25,256,SM-S931BZSGEUB,financing_max_term,45.45,45.45 EUR,EUR/month,18,True,santander_api_live,2026-03-23T14:31:41.454781+00:00,https://boutique.bancosantander.es/es/Cat%C3%A1logo/Electr%C3%B3nica/M%C3%B3viles/Galaxy-S25/p/SM-S931BZSGEUB,Galaxy S25,,
ES,Santander Boutique,santander_boutique,Samsung,Samsung,mobile,Samsung Galaxy S25,256,SM-S931BZSGEUB,financing_max_term,66.58,66.58 EUR,EUR/month,12,True,santander_api_live,2026-03-23T14:31:41.454781+00:00,https://boutique.bancosantander.es/es/Cat%C3%A1logo/Electr%C3%B3nica/M%C3%B3viles/Galaxy-S25/p/SM-S931BZSGEUB,Galaxy S25,,
ES,Santander Boutique,santander_boutique,Samsung,Samsung,mobile,Samsung Galaxy S25,256,SM-S931BZSGEUB,financing_max_term,133.17,133.17 EUR,EUR/month,6,True,santander_api_live,2026-03-23T14:31:41.454781+00:00,https://boutique.bancosantander.es/es/Cat%C3%A1logo/Electr%C3%B3nica/M%C3%B3viles/Galaxy-S25/p/SM-S931BZSGEUB,Galaxy S25,,
ES,Santander Boutique,santander_boutique,Samsung,Samsung,mobile,Samsung Galaxy S25,256,SM-S931BZSGEUB,financing_max_term,266.33,266.33 EUR,EUR/month,3,True,santander_api_live,2026-03-23T14:31:41.454781+00:00,https://boutique.bancosantander.es/es/Cat%C3%A1logo/Electr%C3%B3nica/M%C3%B3viles/Galaxy-S25/p/SM-S931BZSGEUB,Galaxy S25,,
ES,Santander Boutique,santander_boutique,Samsung,Samsung,mobile,Samsung Galaxy S25,256,SM-S931BZSGEUB,cash,799.0,799.00 EUR,EUR,,True,santander_api_live,2026-03-23T14:31:41.454781+00:00,https://boutique.bancosantander.es/es/Cat%C3%A1logo/Electr%C3%B3nica/M%C3%B3viles/Galaxy-S25/p/SM-S931BZSGEUB,Galaxy S25,,
ES,Santander Boutique,santander_boutique,Samsung,Samsung,laptop,"Samsung Galaxy Book4 15,6 / i5",512,NP754XGJ-KG2ES,renting_no_insurance,27.99,27.99 EUR,EUR/month,36,True,santander_api_live,2026-03-23T14:31:42.095316+00:00,https://boutique.bancosantander.es/es/Cat%C3%A1logo/Electr%C3%B3nica/Port%C3%A1tiles/Samsung-Galaxy-Book4-15%2C6%22-i5-16GB-512GB/p/NP754XGJ-KG2ES,"Samsung Galaxy Book4 15,6"" / i5 / 16GB / 512GB",,
ES,Santander Boutique,santander_boutique,Samsung,Samsung,tablet,Samsung Galaxy Tab A11+ Wifi,128,SM-X230NZAREUB,renting_no_insurance,8.99,8.99 EUR,EUR/month,36,True,santander_api_live,2026-03-23T14:31:42.759873+00:00,https://boutique.bancosantander.es/es/Cat%C3%A1logo/Electr%C3%B3nica/Tablets/Galaxy-Tab-A11%2B/p/SM-X230NZAREUB,Galaxy Tab A11+ Wifi,,
ES,Santander Boutique,santander_boutique,Samsung,Samsung,tablet,Samsung Galaxy Tab A11+ Wifi,128,SM-X230NZAREUB,financing_max_term,7.9,7.90 EUR,EUR/month,30,True,santander_api_live,2026-03-23T14:31:42.759873+00:00,https://boutique.bancosantander.es/es/Cat%C3%A1logo/Electr%C3%B3nica/Tablets/Galaxy-Tab-A11%2B/p/SM-X230NZAREUB,Galaxy Tab A11+ Wifi,,
ES,Santander Boutique,santander_boutique,Samsung,Samsung,tablet,Samsung Galaxy Tab A11+ Wifi,128,SM-X230NZAREUB,financing_max_term,9.17,9.17 EUR,EUR/month,24,True,santander_api_live,2026-03-23T14:31:42.759873+00:00,https://boutique.bancosantander.es/es/Cat%C3%A1logo/Electr%C3%B3nica/Tablets/Galaxy-Tab-A11%2B/p/SM-X230NZAREUB,Galaxy Tab A11+ Wifi,,
ES,Santander Boutique,santander_boutique,Samsung,Samsung,tablet,Samsung Galaxy Tab A11+ Wifi,128,SM-X230NZAREUB,financing_max_term,11.89,11.89 EUR,EUR/month,18,True,santander_api_live,2026-03-23T14:31:42.759873+00:00,https://boutique.bancosantander.es/es/Cat%C3%A1logo/Electr%C3%B3nica/Tablets/Galaxy-Tab-A11%2B/p/SM-X230NZAREUB,Galaxy Tab A11+ Wifi,,
ES,Santander Boutique,santander_boutique,Samsung,Samsung,tablet,Samsung Galaxy Tab A11+ Wifi,128,SM-X230NZAREUB,financing_max_term,17.42,17.42 EUR,EUR/month,12,True,santander_api_live,2026-03-23T14:31:42.759873+00:00,https://boutique.bancosantander.es/es/Cat%C3%A1logo/Electr%C3%B3nica/Tablets/Galaxy-Tab-A11%2B/p/SM-X230NZAREUB,Galaxy Tab A11+ Wifi,,
ES,Santander Boutique,santander_boutique,Samsung,Samsung,tablet,Samsung Galaxy Tab A11+ Wifi,128,SM-X230NZAREUB,financing_max_term,34.83,34.83 EUR,EUR/month,6,True,santander_api_live,2026-03-23T14:31:42.759873+00:00,https://boutique.bancosantander.es/es/Cat%C3%A1logo/Electr%C3%B3nica/Tablets/Galaxy-Tab-A11%2B/p/SM-X230NZAREUB,Galaxy Tab A11+ Wifi,,
ES,Santander Boutique,santander_boutique,Samsung,Samsung,tablet,Samsung Galaxy Tab A11+ Wifi,128,SM-X230NZAREUB,financing_max_term,69.67,69.67 EUR,EUR/month,3,True,santander_api_live,2026-03-23T14:31:42.759873+00:00,https://boutique.bancosantander.es/es/Cat%C3%A1logo/Electr%C3%B3nica/Tablets/Galaxy-Tab-A11%2B/p/SM-X230NZAREUB,Galaxy Tab A11+ Wifi,,
ES,Santander Boutique,santander_boutique,Samsung,Samsung,tablet,Samsung Galaxy Tab A11+ Wifi,128,SM-X230NZAREUB,cash,209.0,209.00 EUR,EUR,,True,santander_api_live,2026-03-23T14:31:42.759873+00:00,https://boutique.bancosantander.es/es/Cat%C3%A1logo/Electr%C3%B3nica/Tablets/Galaxy-Tab-A11%2B/p/SM-X230NZAREUB,Galaxy Tab A11+ Wifi,,
ES,Santander Boutique,santander_boutique,Samsung,Samsung,tablet,Samsung Galaxy Tab S10 FE Wi-Fi,128,SM-X520NZAREUB,renting_no_insurance,16.0,16.00 EUR,EUR/month,36,True,santander_api_live,2026-03-23T14:31:43.556368+00:00,https://boutique.bancosantander.es/es/Cat%C3%A1logo/Electr%C3%B3nica/Tablets/Galaxy-Tab-S10-FE-Wi-Fi-128GB-Gris/p/SM-X520NZAREUB,Galaxy Tab S10 FE Wi-Fi,,
ES,Santander Boutique,santander_boutique,Samsung,Samsung,tablet,Samsung Galaxy Tab S10 FE Wi-Fi,128,SM-X520NZAREUB,financing_max_term,16.98,16.98 EUR,EUR/month,30,True,santander_api_live,2026-03-23T14:31:43.556368+00:00,https://boutique.bancosantander.es/es/Cat%C3%A1logo/Electr%C3%B3nica/Tablets/Galaxy-Tab-S10-FE-Wi-Fi-128GB-Gris/p/SM-X520NZAREUB,Galaxy Tab S10 FE Wi-Fi,,
ES,Santander Boutique,santander_boutique,Samsung,Samsung,tablet,Samsung Galaxy Tab S10 FE Wi-Fi,128,SM-X520NZAREUB,financing_max_term,19.7,19.70 EUR,EUR/month,24,True,santander_api_live,2026-03-23T14:31:43.556368+00:00,https://boutique.bancosantander.es/es/Cat%C3%A1logo/Electr%C3%B3nica/Tablets/Galaxy-Tab-S10-FE-Wi-Fi-128GB-Gris/p/SM-X520NZAREUB,Galaxy Tab S10 FE Wi-Fi,,
ES,Santander Boutique,santander_boutique,Samsung,Samsung,tablet,Samsung Galaxy Tab S10 FE Wi-Fi,128,SM-X520NZAREUB,financing_max_term,25.54,25.54 EUR,EUR/month,18,True,santander_api_live,2026-03-23T14:31:43.556368+00:00,https://boutique.bancosantander.es/es/Cat%C3%A1logo/Electr%C3%B3nica/Tablets/Galaxy-Tab-S10-FE-Wi-Fi-128GB-Gris/p/SM-X520NZAREUB,Galaxy Tab S10 FE Wi-Fi,,
ES,Santander Boutique,santander_boutique,Samsung,Samsung,tablet,Samsung Galaxy Tab S10 FE Wi-Fi,128,SM-X520NZAREUB,financing_max_term,37.42,37.42 EUR,EUR/month,12,True,santander_api_live,2026-03-23T14:31:43.556368+00:00,https://boutique.bancosantander.es/es/Cat%C3%A1logo/Electr%C3%B3nica/Tablets/Galaxy-Tab-S10-FE-Wi-Fi-128GB-Gris/p/SM-X520NZAREUB,Galaxy Tab S10 FE Wi-Fi,,
ES,Santander Boutique,santander_boutique,Samsung,Samsung,tablet,Samsung Galaxy Tab S10 FE Wi-Fi,128,SM-X520NZAREUB,financing_max_term,74.83,74.83 EUR,EUR/month,6,True,santander_api_live,2026-03-23T14:31:43.556368+00:00,https://boutique.bancosantander.es/es/Cat%C3%A1logo/Electr%C3%B3nica/Tablets/Galaxy-Tab-S10-FE-Wi-Fi-128GB-Gris/p/SM-X520NZAREUB,Galaxy Tab S10 FE Wi-Fi,,
ES,Santander Boutique,santander_boutique,Samsung,Samsung,tablet,Samsung Galaxy Tab S10 FE Wi-Fi,128,SM-X520NZAREUB,financing_max_term,149.67,149.67 EUR,EUR/month,3,True,santander_api_live,2026-03-23T14:31:43.556368+00:00,https://boutique.bancosantander.es/es/Cat%C3%A1logo/Electr%C3%B3nica/Tablets/Galaxy-Tab-S10-FE-Wi-Fi-128GB-Gris/p/SM-X520NZAREUB,Galaxy Tab S10 FE Wi-Fi,,
ES,Santander Boutique,santander_boutique,Samsung,Samsung,tablet,Samsung Galaxy Tab S10 FE Wi-Fi,128,SM-X520NZAREUB,cash,449.0,449.00 EUR,EUR,,True,santander_api_live,2026-03-23T14:31:43.556368+00:00,https://boutique.bancosantander.es/es/Cat%C3%A1logo/Electr%C3%B3nica/Tablets/Galaxy-Tab-S10-FE-Wi-Fi-128GB-Gris/p/SM-X520NZAREUB,Galaxy Tab S10 FE Wi-Fi,,
ES,Amazon,amazon,Samsung,Samsung,mobile,Samsung Galaxy S26 5G,256,SM-S942BZKGEUB,cash,999.0,999.00 EUR,EUR,,True,amazon_adapter_live,2026-03-23T14:31:46.587446+00:00,https://www.amazon.es/dp/B0G529WCLK,"Samsung Galaxy S26, 256GB, Teléfono Móvil con Galaxy AI, Cámara 50MP, 12GB RAM, Batería 4300mAh, Garantía del Fabricante 3 Años + 1 Año Extra, Color Violeta Cobalto (Versión Española)",,
ES,Amazon,amazon,Samsung,Samsung,mobile,Samsung Galaxy S26+ 5G,256,SM-S947BZKDEUB,cash,1099.0,1099.00 EUR,EUR,,True,amazon_adapter_live,2026-03-23T14:31:46.436378+00:00,https://www.amazon.es/dp/B0GPDGGYLZ,"Samsung Galaxy S26+ 5G (SM-S947B, International Version) 256GB Storage 12GB RAM Android 16 Factory Unlocked Smartphone (White)",,
ES,Amazon,amazon,Samsung,Samsung,mobile,Samsung Galaxy S26 Ultra 5G,256,SM-S948BZKDEUB,cash,1449.0,1449.00 EUR,EUR,,True,amazon_adapter_live,2026-03-23T14:31:44.868810+00:00,https://www.amazon.es/dp/B0G4ZJD1W5,"Samsung Galaxy S26 Ultra, 256GB, Smartphone con Galaxy AI, Cámara 200MP, 12GB RAM, Batería 5000mAh, Garantía del Fabricante 3 Años+1 Año Extra, Color Violeta Cobalto (Versión Española)",,
ES,Amazon,amazon,Samsung,Samsung,mobile,Samsung Galaxy S26 Ultra 5G,512,SM-S948BZKGEEB,cash,1235.0,1235.00 EUR,EUR,,True,amazon_adapter_live,2026-03-23T14:31:58.349904+00:00,https://www.amazon.es/dp/B0GKQBYWTY,"Samsung Galaxy S26 Ultra 5G, 512GB, 12GB RAM, cámara cuádruple, Pantalla Grande de 6.9 Pulgadas, Color Negro, obtienes el Doble de Memoria (512 GB) por el Mismo Precio de 256 GB",,
ES,Amazon,amazon,Samsung,Samsung,mobile,Samsung Galaxy S26 Ultra 5G,1024,SM-S948BZKHEUB,cash,1895.0,1895.00 EUR,EUR,,True,amazon_adapter_live,2026-03-23T14:31:51.043967+00:00,https://www.amazon.es/dp/B0GPDW3K83,"Samsung Galaxy S26 Ultra 5G (​​​SM-S948B​​, International​ Version)​ 1TB ​Storage 16GB RAM​ Android 16​ Factory Unlocked ​Smartphone​​ (White)",,
ES,Amazon,amazon,Samsung,Samsung,mobile,Samsung Galaxy Z Flip 7,256,SM-F766BZKGEUB,cash,699.0,699.00 EUR,EUR,,True,amazon_adapter_live,2026-03-23T14:31:57.047716+00:00,https://www.amazon.es/dp/B0FK22CZCB,Samsung GALAXY Z Flip7 FE SM-F761BZKGEUB,,
ES,Amazon,amazon,Samsung,Samsung,mobile,Samsung Galaxy Z Fold 7,256,SM-F966BZKBEUB,cash,1558.99,1558.99 EUR,EUR,,True,amazon_adapter_live,2026-03-23T14:32:00.248114+00:00,https://www.amazon.es/dp/B0FDXK142G,"Samsung Galaxy Z Fold7, 256 GB, Color Negro Azabache (versión CAD) - Smartphone AI, Snapdragon 8 Elite, 200 MP, Pantalla AMOLED dinámica Plegable, multitarea con Galaxy AI",,
ES,Amazon,amazon,Samsung,Samsung,mobile,Samsung Galaxy S25 FE 5G,128,SM-S731BZKDEEB,cash,486.0,486.00 EUR,EUR,,True,amazon_adapter_live,2026-03-23T14:32:11.002911+00:00,https://www.amazon.es/dp/B0FT1X9NX5,SAMSUNG Galaxy S25 FE 128-8-5G Black,,
ES,Amazon,amazon,Samsung,Samsung,mobile,Samsung Galaxy A56 5G,128,SM-A566BZKAEEB,cash,296.0,296.00 EUR,EUR,,True,amazon_adapter_live,2026-03-23T14:32:19.639016+00:00,https://www.amazon.es/dp/B0DZHLFGM7,Samsung Galaxy A56 Dual 5G 128GB 8GB RAM Móvil Gris,,
ES,Amazon,amazon,Samsung,Samsung,mobile,Samsung Galaxy A36 5G,128,SM-A366BZKBEEB,cash,234.99,234.99 EUR,EUR,,True,amazon_adapter_live,2026-03-23T14:32:22.975810+00:00,https://www.amazon.es/dp/B0DF6PPVNM,Samsung A366B Galaxy A36 5G 128 GB Awesome White,,
ES,Amazon,amazon,Samsung,Samsung,mobile,Samsung Galaxy S25,256,SM-S931BZSGEUB,cash,713.0,713.00 EUR,EUR,,True,amazon_adapter_live,2026-03-23T14:32:25.812897+00:00,https://www.amazon.es/dp/B0DVC8TJQ1,Samsung S931 Galaxy S25 5G (6.2'' - 12/256GB) Navy,,
ES,Amazon,amazon,Samsung,Samsung,laptop,"Samsung Galaxy Book4 15,6 / i5",512,NP754XGJ-KG2ES,cash,820.03,820.03 EUR,EUR,,True,amazon_adapter_live,2026-03-23T14:32:27.959876+00:00,https://www.amazon.es/dp/B0DH8G6ML9,"Laptop Samsung Book4 NP754XGJ-KG2ES 15,6"" i5-1335U 16 GB RAM 512 GB SSD QWERTY Español",,
ES,Amazon,amazon,Samsung,Samsung,tablet,Samsung Galaxy Tab A11+ Wifi,128,SM-X230NZAREUB,cash,199.0,199.00 EUR,EUR,,True,amazon_adapter_live,2026-03-23T14:32:30.874533+00:00,https://www.amazon.es/dp/B0G2RM6DL6,"Samsung Galaxy Tab A11+ 11"" 6GB/128GB WiFi Gris (Gray) SM-X230",,
ES,Amazon,amazon,Samsung,Samsung,tablet,Samsung Galaxy Tab S10 FE Wi-Fi,128,SM-X520NZAREUB,cash,434.99,434.99 EUR,EUR,,True,amazon_adapter_live,2026-03-23T14:33:27.998057+00:00,https://www.amazon.es/dp/B0DZJ5867J,"Samsung Galaxy S10 FE AI, Tablet Android, 128 GB de Memoria, 8 GB de RAM, Pantalla de 27,70 cm/10,9 Pulgadas, Incluye S Pen, Wi-Fi, batería de Larga duración, Color Plateado",,
ES,Amazon,amazon,Samsung,Samsung,laptop,Samsung Galaxy Book5 Pro 14 Ultra5,512,NP944XHA-KG1ES,cash,2129.18,2129.18 EUR,EUR,,True,amazon_adapter_live,2026-03-23T14:34:30.842475+00:00,https://www.amazon.es/dp/B0F2G4276N,"Samsung Galaxy Book5 Pro Intel?Ultra 5 226V Notebook 35,56 cm (14"")",,
