brand,model,capacity_gb,offer_type,term_months,santander_price_value,competitor,competitor_price_value,difference_pct_signed_vs_santander,difference_pct_abs_vs_santander,santander_extracted_at,competitor_extracted_at,santander_source_url,competitor_source_url,santander_link_excel,competitor_link_excel,review_status,review_notes
Apple,Apple MacBook Air 13 M4,512,cash,,1349.0,Amazon,24.99,-98.15,98.15,2026-02-24T08:35:29.783054+00:00,2026-02-23T16:02:46.485196+00:00,https://boutique.bancosantander.es/es/Cat%C3%A1logo/Apple/Mac/MacBook-Air-13%22-M4/p/MW0X3Y_A?previousPriceSelected=renting,https://www.amazon.es/dp/B0F1T5BYFY,"=HYPERLINK(""https://boutique.bancosantander.es/es/Cat%C3%A1logo/Apple/Mac/MacBook-Air-13%22-M4/p/MW0X3Y_A?previousPriceSelected=renting"",""Abrir Santander"")","=HYPERLINK(""https://www.amazon.es/dp/B0F1T5BYFY"",""Abrir Competidor"")",,
Apple,Apple iPhone 16e,512,financing_max_term,24,47.78,Movistar,12.0,-74.88,74.88,2026-02-24T08:36:22.724257+00:00,2026-02-23T15:41:34.697101+00:00,https://boutique.bancosantander.es/es/Cat%C3%A1logo/Apple/iPhone/iPhone-16e/p/MD1X4QL_A?previousPriceSelected=renting,https://www.movistar.es/moviles/apple-iphone-16e-512gb-negro/,"=HYPERLINK(""https://boutique.bancosantander.es/es/Cat%C3%A1logo/Apple/iPhone/iPhone-16e/p/MD1X4QL_A?previousPriceSelected=renting"",""Abrir Santander"")","=HYPERLINK(""https://www.movistar.es/moviles/apple-iphone-16e-512gb-negro/"",""Abrir Competidor"")",,
Samsung,Samsung Galaxy S26,256,financing_max_term,24,43.83,Movistar,14.0,-68.06,68.06,2026-02-27T10:12:58.025451+00:00,2026-02-27T12:33:02.519577+00:00,https://boutique.bancosantander.es/es/Cat%C3%A1logo/Electr%C3%B3nica/M%C3%B3viles/Galaxy-S26/p/SM-S942BZKGEUB?previousPriceSelected=renting,https://www.movistar.es/moviles/samsung-galaxy-s26-256gb-violeta/,"=HYPERLINK(""https://boutique.bancosantander.es/es/Cat%C3%A1logo/Electr%C3%B3nica/M%C3%B3viles/Galaxy-S26/p/SM-S942BZKGEUB?previousPriceSelected=renting"",""Abrir Santander"")","=HYPERLINK(""https://www.movistar.es/moviles/samsung-galaxy-s26-256gb-violeta/"",""Abrir Competidor"")",,
Samsung,Samsung Galaxy S25,256,financing_max_term,24,35.05,Movistar,12.0,-65.76,65.76,2026-02-25T15:47:29.605674+00:00,2026-02-25T16:32:44.661488+00:00,https://boutique.bancosantander.es/es/Cat%C3%A1logo/Electr%C3%B3nica/M%C3%B3viles/Galaxy-S25/p/SM-S931BZSGEUB?previousPriceSelected=renting,https://www.movistar.es/moviles/samsung-galaxy-s25-256gb-azulmarino/,"=HYPERLINK(""https://boutique.bancosantander.es/es/Cat%C3%A1logo/Electr%C3%B3nica/M%C3%B3viles/Galaxy-S25/p/SM-S931BZSGEUB?previousPriceSelected=renting"",""Abrir Santander"")","=HYPERLINK(""https://www.movistar.es/moviles/samsung-galaxy-s25-256gb-azulmarino/"",""Abrir Competidor"")",,
Apple,Apple Mac Studio M4 Max,512,cash,,2329.0,Amazon,3803.52,63.31,63.31,2026-02-24T08:36:32.295954+00:00,2026-02-23T16:12:08.790060+00:00,https://boutique.bancosantander.es/es/Cat%C3%A1logo/Apple/Mac/Mac-Studio-M4/p/MU963YP_A?previousPriceSelected=renting,https://www.amazon.es/dp/B0CGVD51VH,"=HYPERLINK(""https://boutique.bancosantander.es/es/Cat%C3%A1logo/Apple/Mac/Mac-Studio-M4/p/MU963YP_A?previousPriceSelected=renting"",""Abrir Santander"")","=HYPERLINK(""https://www.amazon.es/dp/B0CGVD51VH"",""Abrir Competidor"")",,
Apple,Apple iPhone Air,256,financing_max_term,24,53.48,Movistar,20.0,-62.6,62.6,2026-02-24T08:36:05.969240+00:00,2026-02-27T08:44:17.847272+00:00,https://boutique.bancosantander.es/es/Cat%C3%A1logo/Apple/iPhone/iPhone-17-Air/p/MG2L4QL_A?previousPriceSelected=renting,https://www.movistar.es/moviles/apple-iphone-air-256gb-azulcielo/,"=HYPERLINK(""https://boutique.bancosantander.es/es/Cat%C3%A1logo/Apple/iPhone/iPhone-17-Air/p/MG2L4QL_A?previousPriceSelected=renting"",""Abrir Santander"")","=HYPERLINK(""https://www.movistar.es/moviles/apple-iphone-air-256gb-azulcielo/"",""Abrir Competidor"")",,
Apple,Apple iPhone Air,512,financing_max_term,24,64.45,Movistar,26.0,-59.66,59.66,2026-02-24T08:36:05.850113+00:00,2026-02-27T08:44:35.485577+00:00,https://boutique.bancosantander.es/es/Cat%C3%A1logo/Apple/iPhone/iPhone-17-Air/p/MG2Q4QL_A?previousPriceSelected=renting,https://www.movistar.es/moviles/apple-iphone-air-512gb-negroespacial/,"=HYPERLINK(""https://boutique.bancosantander.es/es/Cat%C3%A1logo/Apple/iPhone/iPhone-17-Air/p/MG2Q4QL_A?previousPriceSelected=renting"",""Abrir Santander"")","=HYPERLINK(""https://www.movistar.es/moviles/apple-iphone-air-512gb-negroespacial/"",""Abrir Competidor"")",,
Apple,Apple MacBook Air 13 M4,512,cash,,1349.0,Media Markt,548.0,-59.38,59.38,2026-02-24T08:35:29.783054+00:00,2026-02-23T14:04:22.648439+00:00,https://boutique.bancosantander.es/es/Cat%C3%A1logo/Apple/Mac/MacBook-Air-13%22-M4/p/MW0X3Y_A?previousPriceSelected=renting,https://www.mediamarkt.es/es/product/_apple-macbook-air-2025-136-retina-chip-m4-apple-cpu-de-10-nucleos-gpu-de-8-nucleos-16-gb-ram-512gb-de-ssd-medianoche-1596183.html,"=HYPERLINK(""https://boutique.bancosantander.es/es/Cat%C3%A1logo/Apple/Mac/MacBook-Air-13%22-M4/p/MW0X3Y_A?previousPriceSelected=renting"",""Abrir Santander"")","=HYPERLINK(""https://www.mediamarkt.es/es/product/_apple-macbook-air-2025-136-retina-chip-m4-apple-cpu-de-10-nucleos-gpu-de-8-nucleos-16-gb-ram-512gb-de-ssd-medianoche-1596183.html"",""Abrir Competidor"")",,
Samsung,Samsung Galaxy Tab S10 FE Wi-Fi,128,cash,,449.0,Samsung Oficial,709.0,57.91,57.91,2026-02-25T15:47:33.289263+00:00,2026-02-25T16:38:23.810461+00:00,https://boutique.bancosantander.es/es/Cat%C3%A1logo/Electr%C3%B3nica/Tablets/Galaxy-Tab-S10-FE-Wi-Fi-128GB-Gris/p/SM-X520NZAREUB?previousPriceSelected=renting,https://www.samsung.com/es/tablets/galaxy-tab-s10-fe/buy/,"=HYPERLINK(""https://boutique.bancosantander.es/es/Cat%C3%A1logo/Electr%C3%B3nica/Tablets/Galaxy-Tab-S10-FE-Wi-Fi-128GB-Gris/p/SM-X520NZAREUB?previousPriceSelected=renting"",""Abrir Santander"")","=HYPERLINK(""https://www.samsung.com/es/tablets/galaxy-tab-s10-fe/buy/"",""Abrir Competidor"")",,
Apple,Apple iPhone Air,1024,financing_max_term,24,75.41,Movistar,32.0,-57.57,57.57,2026-02-24T08:36:06.815463+00:00,2026-02-27T08:44:58.238594+00:00,https://boutique.bancosantander.es/es/Cat%C3%A1logo/Apple/iPhone/iPhone-17-Air/p/MG2W4QL_A?previousPriceSelected=renting,https://www.movistar.es/moviles/apple-iphone-air-1024gb-azulcielo/,"=HYPERLINK(""https://boutique.bancosantander.es/es/Cat%C3%A1logo/Apple/iPhone/iPhone-17-Air/p/MG2W4QL_A?previousPriceSelected=renting"",""Abrir Santander"")","=HYPERLINK(""https://www.movistar.es/moviles/apple-iphone-air-1024gb-azulcielo/"",""Abrir Competidor"")",,
Apple,Apple MacBook Air 15 M4,512,cash,,1649.0,Media Markt,701.0,-57.49,57.49,2026-02-24T08:35:47.961100+00:00,2026-02-23T14:24:10.608326+00:00,https://boutique.bancosantander.es/es/Cat%C3%A1logo/Apple/Mac/MacBook-Air-15%22-M4/p/MC7C4Y_A?previousPriceSelected=renting,https://www.mediamarkt.es/es/product/_apple-macbook-air-2025-153-retina-chip-m4-apple-cpu-de-10-nucleos-gpu-de-10-nucleos-16-gb-ram-512gb-de-ssd-medianoche-1596191.html,"=HYPERLINK(""https://boutique.bancosantander.es/es/Cat%C3%A1logo/Apple/Mac/MacBook-Air-15%22-M4/p/MC7C4Y_A?previousPriceSelected=renting"",""Abrir Santander"")","=HYPERLINK(""https://www.mediamarkt.es/es/product/_apple-macbook-air-2025-153-retina-chip-m4-apple-cpu-de-10-nucleos-gpu-de-10-nucleos-16-gb-ram-512gb-de-ssd-medianoche-1596191.html"",""Abrir Competidor"")",,
Apple,Apple iPhone 17,256,financing_max_term,24,42.07,Movistar,18.0,-57.21,57.21,2026-02-24T08:36:13.899668+00:00,2026-02-23T15:37:26.364392+00:00,https://boutique.bancosantander.es/es/Cat%C3%A1logo/Apple/iPhone/iPhone-17/p/MG6J4QL_A?previousPriceSelected=renting,https://www.movistar.es/moviles/apple-iphone-17-256gb-negro/,"=HYPERLINK(""https://boutique.bancosantander.es/es/Cat%C3%A1logo/Apple/iPhone/iPhone-17/p/MG6J4QL_A?previousPriceSelected=renting"",""Abrir Santander"")","=HYPERLINK(""https://www.movistar.es/moviles/apple-iphone-17-256gb-negro/"",""Abrir Competidor"")",,
Apple,Apple iPhone 17,512,financing_max_term,24,53.04,Movistar,23.5,-55.69,55.69,2026-02-24T08:36:13.782286+00:00,2026-02-23T15:37:11.382903+00:00,https://boutique.bancosantander.es/es/Cat%C3%A1logo/Apple/iPhone/iPhone-17/p/MG6Q4QL_A?previousPriceSelected=renting,https://www.movistar.es/moviles/apple-iphone-17-512gb-azulneblina/,"=HYPERLINK(""https://boutique.bancosantander.es/es/Cat%C3%A1logo/Apple/iPhone/iPhone-17/p/MG6Q4QL_A?previousPriceSelected=renting"",""Abrir Santander"")","=HYPERLINK(""https://www.movistar.es/moviles/apple-iphone-17-512gb-azulneblina/"",""Abrir Competidor"")",,
Apple,Apple iPhone 17 Pro Max,256,financing_max_term,24,64.45,Movistar,29.5,-54.23,54.23,2026-02-24T08:36:18.496452+00:00,2026-02-23T15:29:26.495185+00:00,https://boutique.bancosantander.es/es/Cat%C3%A1logo/Apple/iPhone/IPHONE-17-PRO-MAX/p/MFYM4QL_A?previousPriceSelected=renting,https://www.movistar.es/moviles/apple-iphone-17-pro-max-256gb-azuloscuro/,"=HYPERLINK(""https://boutique.bancosantander.es/es/Cat%C3%A1logo/Apple/iPhone/IPHONE-17-PRO-MAX/p/MFYM4QL_A?previousPriceSelected=renting"",""Abrir Santander"")","=HYPERLINK(""https://www.movistar.es/moviles/apple-iphone-17-pro-max-256gb-azuloscuro/"",""Abrir Competidor"")",,
Apple,Apple iPhone 17 Pro,512,financing_max_term,24,68.83,Movistar,32.0,-53.51,53.51,2026-02-24T08:35:52.481759+00:00,2026-02-23T15:35:32.750670+00:00,https://boutique.bancosantander.es/es/Cat%C3%A1logo/Apple/iPhone/IPHONE-17-PRO/p/MG8M4QL_A?previousPriceSelected=renting,https://www.movistar.es/moviles/apple-iphone-17-pro-512gb-naranjacosmico/,"=HYPERLINK(""https://boutique.bancosantander.es/es/Cat%C3%A1logo/Apple/iPhone/IPHONE-17-PRO/p/MG8M4QL_A?previousPriceSelected=renting"",""Abrir Santander"")","=HYPERLINK(""https://www.movistar.es/moviles/apple-iphone-17-pro-512gb-naranjacosmico/"",""Abrir Competidor"")",,
Samsung,Samsung Galaxy S25 Ultra,256,financing_max_term,24,48.21,Movistar,22.5,-53.33,53.33,2026-02-25T15:47:33.093143+00:00,2026-02-25T16:33:42.685183+00:00,https://boutique.bancosantander.es/es/Cat%C3%A1logo/Electr%C3%B3nica/M%C3%B3viles/Galaxy-S25-Ultra/p/SM-S938BZKDEUB?previousPriceSelected=renting,https://www.movistar.es/moviles/samsung-galaxy-s25-ultra-512gb-azultitanio/,"=HYPERLINK(""https://boutique.bancosantander.es/es/Cat%C3%A1logo/Electr%C3%B3nica/M%C3%B3viles/Galaxy-S25-Ultra/p/SM-S938BZKDEUB?previousPriceSelected=renting"",""Abrir Santander"")","=HYPERLINK(""https://www.movistar.es/moviles/samsung-galaxy-s25-ultra-512gb-azultitanio/"",""Abrir Competidor"")",,
Apple,Apple iPhone 17 Pro Max,512,financing_max_term,24,75.41,Movistar,35.5,-52.92,52.92,2026-02-24T08:36:18.951364+00:00,2026-02-23T15:29:45.162679+00:00,https://boutique.bancosantander.es/es/Cat%C3%A1logo/Apple/iPhone/IPHONE-17-PRO-MAX/p/MFYQ4QL_A?previousPriceSelected=renting,https://www.movistar.es/moviles/apple-iphone-17-pro-max-512gb-azuloscuro/,"=HYPERLINK(""https://boutique.bancosantander.es/es/Cat%C3%A1logo/Apple/iPhone/IPHONE-17-PRO-MAX/p/MFYQ4QL_A?previousPriceSelected=renting"",""Abrir Santander"")","=HYPERLINK(""https://www.movistar.es/moviles/apple-iphone-17-pro-max-512gb-azuloscuro/"",""Abrir Competidor"")",,
Apple,Apple Mac Mini M4,256,cash,,719.0,Apple Oficial,1099.0,52.85,52.85,2026-02-24T08:36:18.435974+00:00,2026-02-24T08:40:48.150043+00:00,https://boutique.bancosantander.es/es/Cat%C3%A1logo/Apple/Mac/Mac-mini-M4/p/MU9D3YP_A?previousPriceSelected=renting,https://www.apple.com/es/shop/buy-mac/mac-mini,"=HYPERLINK(""https://boutique.bancosantander.es/es/Cat%C3%A1logo/Apple/Mac/Mac-mini-M4/p/MU9D3YP_A?previousPriceSelected=renting"",""Abrir Santander"")","=HYPERLINK(""https://www.apple.com/es/shop/buy-mac/mac-mini"",""Abrir Competidor"")",,
Apple,Apple Mac Studio M4 Max,512,cash,,2329.0,Apple Oficial,1099.0,-52.81,52.81,2026-02-24T08:36:32.295954+00:00,2026-02-24T08:41:11.349358+00:00,https://boutique.bancosantander.es/es/Cat%C3%A1logo/Apple/Mac/Mac-Studio-M4/p/MU963YP_A?previousPriceSelected=renting,https://www.apple.com/es/shop/buy-mac/mac-studio,"=HYPERLINK(""https://boutique.bancosantander.es/es/Cat%C3%A1logo/Apple/Mac/Mac-Studio-M4/p/MU963YP_A?previousPriceSelected=renting"",""Abrir Santander"")","=HYPERLINK(""https://www.apple.com/es/shop/buy-mac/mac-studio"",""Abrir Competidor"")",,
Apple,Apple iPad Air M3 13 WiFi,256,cash,,979.0,Media Markt,468.0,-52.2,52.2,2026-02-24T08:36:20.439309+00:00,2026-02-23T14:06:14.095613+00:00,https://boutique.bancosantander.es/es/Cat%C3%A1logo/Apple/iPad/iPad-Air-M3-WiFi-13%22/p/MCNN4TY_A?previousPriceSelected=renting,https://www.mediamarkt.es/es/product/_apple-ipad-air-2025-256gb-blanco-estrella-13-wifi-pantalla-liquid-retina-chip-m3-9gpu-1596026.html,"=HYPERLINK(""https://boutique.bancosantander.es/es/Cat%C3%A1logo/Apple/iPad/iPad-Air-M3-WiFi-13%22/p/MCNN4TY_A?previousPriceSelected=renting"",""Abrir Santander"")","=HYPERLINK(""https://www.mediamarkt.es/es/product/_apple-ipad-air-2025-256gb-blanco-estrella-13-wifi-pantalla-liquid-retina-chip-m3-9gpu-1596026.html"",""Abrir Competidor"")",,
Apple,Apple iPhone 17 Pro Max,1024,financing_max_term,24,86.38,Movistar,41.5,-51.96,51.96,2026-02-24T08:36:19.371224+00:00,2026-02-23T15:29:11.723781+00:00,https://boutique.bancosantander.es/es/Cat%C3%A1logo/Apple/iPhone/IPHONE-17-PRO-MAX/p/MFYV4QL_A?previousPriceSelected=renting,https://www.movistar.es/moviles/apple-iphone-17-pro-max-1024gb-azuloscuro/,"=HYPERLINK(""https://boutique.bancosantander.es/es/Cat%C3%A1logo/Apple/iPhone/IPHONE-17-PRO-MAX/p/MFYV4QL_A?previousPriceSelected=renting"",""Abrir Santander"")","=HYPERLINK(""https://www.movistar.es/moviles/apple-iphone-17-pro-max-1024gb-azuloscuro/"",""Abrir Competidor"")",,
Samsung,Samsung Galaxy S25 Ultra,256,financing_max_term,24,48.21,Media Markt,73.01,51.44,51.44,2026-02-25T15:47:33.093143+00:00,2026-02-25T16:01:51.712710+00:00,https://boutique.bancosantander.es/es/Cat%C3%A1logo/Electr%C3%B3nica/M%C3%B3viles/Galaxy-S25-Ultra/p/SM-S938BZKDEUB?previousPriceSelected=renting,https://www.mediamarkt.es/es/product/_movil-samsung-galaxy-s25-ultra-titanium-gray-512-gb-12-gb-ram-69-wqhd-snapdragon-8-5000-mah-android-15-1592060.html,"=HYPERLINK(""https://boutique.bancosantander.es/es/Cat%C3%A1logo/Electr%C3%B3nica/M%C3%B3viles/Galaxy-S25-Ultra/p/SM-S938BZKDEUB?previousPriceSelected=renting"",""Abrir Santander"")","=HYPERLINK(""https://www.mediamarkt.es/es/product/_movil-samsung-galaxy-s25-ultra-titanium-gray-512-gb-12-gb-ram-69-wqhd-snapdragon-8-5000-mah-android-15-1592060.html"",""Abrir Competidor"")",,
Apple,Apple iPhone 17 Pro Max,2048,financing_max_term,24,108.32,Movistar,53.0,-51.07,51.07,2026-02-24T08:36:19.884551+00:00,2026-02-23T15:30:00.200283+00:00,https://boutique.bancosantander.es/es/Cat%C3%A1logo/Apple/iPhone/IPHONE-17-PRO-MAX/p/MFYY4QL_A?previousPriceSelected=renting,https://www.movistar.es/moviles/apple-iphone-17-pro-max-2048gb-azuloscuro/,"=HYPERLINK(""https://boutique.bancosantander.es/es/Cat%C3%A1logo/Apple/iPhone/IPHONE-17-PRO-MAX/p/MFYY4QL_A?previousPriceSelected=renting"",""Abrir Santander"")","=HYPERLINK(""https://www.movistar.es/moviles/apple-iphone-17-pro-max-2048gb-azuloscuro/"",""Abrir Competidor"")",,
Apple,Apple MacBook Air 13 M4,256,cash,,1099.0,Media Markt,548.0,-50.14,50.14,2026-02-24T08:35:31.249295+00:00,2026-02-23T14:04:03.445173+00:00,https://boutique.bancosantander.es/es/Cat%C3%A1logo/Apple/Mac/MacBook-Air-13%22-M4/p/MC6T4Y_A?previousPriceSelected=renting,https://www.mediamarkt.es/es/product/_apple-macbook-air-2025-136-retina-chip-m4-apple-cpu-de-10-nucleos-gpu-de-8-nucleos-16-gb-ram-256gb-de-ssd-medianoche-1596179.html,"=HYPERLINK(""https://boutique.bancosantander.es/es/Cat%C3%A1logo/Apple/Mac/MacBook-Air-13%22-M4/p/MC6T4Y_A?previousPriceSelected=renting"",""Abrir Santander"")","=HYPERLINK(""https://www.mediamarkt.es/es/product/_apple-macbook-air-2025-136-retina-chip-m4-apple-cpu-de-10-nucleos-gpu-de-8-nucleos-16-gb-ram-256gb-de-ssd-medianoche-1596179.html"",""Abrir Competidor"")",,
Apple,Apple MacBook Air 15 M4,256,cash,,1399.0,Media Markt,701.0,-49.89,49.89,2026-02-24T08:35:44.907140+00:00,2026-02-23T14:24:52.085583+00:00,https://boutique.bancosantander.es/es/Cat%C3%A1logo/Apple/Mac/MacBook-Air-15%22-M4/p/MW1G3Y_A?previousPriceSelected=renting,https://www.mediamarkt.es/es/product/_apple-macbook-air-2025-153-retina-chip-m4-apple-cpu-de-10-nucleos-gpu-de-8-nucleos-16-gb-ram-256gb-de-ssd-plata-1596197.html,"=HYPERLINK(""https://boutique.bancosantander.es/es/Cat%C3%A1logo/Apple/Mac/MacBook-Air-15%22-M4/p/MW1G3Y_A?previousPriceSelected=renting"",""Abrir Santander"")","=HYPERLINK(""https://www.mediamarkt.es/es/product/_apple-macbook-air-2025-153-retina-chip-m4-apple-cpu-de-10-nucleos-gpu-de-8-nucleos-16-gb-ram-256gb-de-ssd-plata-1596197.html"",""Abrir Competidor"")",,
Samsung,Samsung Galaxy S25 Ultra,256,financing_max_term,18,62.52,Media Markt,93.11,48.93,48.93,2026-02-25T15:47:33.093143+00:00,2026-02-25T16:01:51.712710+00:00,https://boutique.bancosantander.es/es/Cat%C3%A1logo/Electr%C3%B3nica/M%C3%B3viles/Galaxy-S25-Ultra/p/SM-S938BZKDEUB?previousPriceSelected=renting,https://www.mediamarkt.es/es/product/_movil-samsung-galaxy-s25-ultra-titanium-gray-512-gb-12-gb-ram-69-wqhd-snapdragon-8-5000-mah-android-15-1592060.html,"=HYPERLINK(""https://boutique.bancosantander.es/es/Cat%C3%A1logo/Electr%C3%B3nica/M%C3%B3viles/Galaxy-S25-Ultra/p/SM-S938BZKDEUB?previousPriceSelected=renting"",""Abrir Santander"")","=HYPERLINK(""https://www.mediamarkt.es/es/product/_movil-samsung-galaxy-s25-ultra-titanium-gray-512-gb-12-gb-ram-69-wqhd-snapdragon-8-5000-mah-android-15-1592060.html"",""Abrir Competidor"")",,
Apple,Apple iPad Air M3 11 WiFi,256,cash,,779.0,Media Markt,405.0,-48.01,48.01,2026-02-24T08:36:15.123589+00:00,2026-02-23T14:14:18.370684+00:00,https://boutique.bancosantander.es/es/Cat%C3%A1logo/Apple/iPad/iPad-Air-M3-WiFi-11%22/p/MCA14TY_A?previousPriceSelected=renting,https://www.mediamarkt.es/es/product/_apple-ipad-air-2025-256gb-blanco-estrella-11-wifi-pantalla-liquid-retina-chip-m3-9gpu-1595978.html,"=HYPERLINK(""https://boutique.bancosantander.es/es/Cat%C3%A1logo/Apple/iPad/iPad-Air-M3-WiFi-11%22/p/MCA14TY_A?previousPriceSelected=renting"",""Abrir Santander"")","=HYPERLINK(""https://www.mediamarkt.es/es/product/_apple-ipad-air-2025-256gb-blanco-estrella-11-wifi-pantalla-liquid-retina-chip-m3-9gpu-1595978.html"",""Abrir Competidor"")",,
Samsung,Samsung Galaxy Z Flip 7,256,financing_max_term,24,44.27,Media Markt,65.45,47.84,47.84,2026-02-25T15:47:35.997996+00:00,2026-02-25T16:07:23.352124+00:00,https://boutique.bancosantander.es/es/Cat%C3%A1logo/Electr%C3%B3nica/M%C3%B3viles/Galaxy-Z-Flip-7/p/SM-F766BZKGEUB?previousPriceSelected=renting,https://www.mediamarkt.es/es/product/_movil-samsung-galaxy-zflip7-rojo-512-gb-12-gb-ram-69-fhd-exynos-2500-4300-mah-android-16-1602552.html,"=HYPERLINK(""https://boutique.bancosantander.es/es/Cat%C3%A1logo/Electr%C3%B3nica/M%C3%B3viles/Galaxy-Z-Flip-7/p/SM-F766BZKGEUB?previousPriceSelected=renting"",""Abrir Santander"")","=HYPERLINK(""https://www.mediamarkt.es/es/product/_movil-samsung-galaxy-zflip7-rojo-512-gb-12-gb-ram-69-fhd-exynos-2500-4300-mah-android-16-1602552.html"",""Abrir Competidor"")",,
Apple,Apple MacBook Pro 14 M5,1024,cash,,2079.0,Apple Oficial,1099.0,-47.14,47.14,2026-02-24T08:36:02.647150+00:00,2026-02-24T08:39:11.834301+00:00,https://boutique.bancosantander.es/es/Cat%C3%A1logo/Apple/Mac/MacBook-Pro-14%22-M5/p/MDE14Y_A?previousPriceSelected=renting,https://www.apple.com/es/shop/buy-mac/macbook-pro,"=HYPERLINK(""https://boutique.bancosantander.es/es/Cat%C3%A1logo/Apple/Mac/MacBook-Pro-14%22-M5/p/MDE14Y_A?previousPriceSelected=renting"",""Abrir Santander"")","=HYPERLINK(""https://www.apple.com/es/shop/buy-mac/macbook-pro"",""Abrir Competidor"")",,
Apple,Apple iPad 11th WiFi,256,cash,,509.0,Media Markt,270.0,-46.95,46.95,2026-02-24T08:36:07.614174+00:00,2026-02-23T14:08:30.521133+00:00,https://boutique.bancosantander.es/es/Cat%C3%A1logo/Apple/iPad/iPad-11th-WiFi/p/MD4G4TY_A?previousPriceSelected=renting,https://www.mediamarkt.es/es/product/_apple-ipad-11agen-256gb-rosa-wifi-109-retina-chip-a16-bionic-ipados-18-cable-de-carga-usbc-sin-adaptador-de-corriente-1595900.html,"=HYPERLINK(""https://boutique.bancosantander.es/es/Cat%C3%A1logo/Apple/iPad/iPad-11th-WiFi/p/MD4G4TY_A?previousPriceSelected=renting"",""Abrir Santander"")","=HYPERLINK(""https://www.mediamarkt.es/es/product/_apple-ipad-11agen-256gb-rosa-wifi-109-retina-chip-a16-bionic-ipados-18-cable-de-carga-usbc-sin-adaptador-de-corriente-1595900.html"",""Abrir Competidor"")",,
Samsung,Samsung Galaxy S25 Ultra,256,financing_max_term,30,41.55,Media Markt,61.01,46.84,46.84,2026-02-25T15:47:33.093143+00:00,2026-02-25T16:01:51.712710+00:00,https://boutique.bancosantander.es/es/Cat%C3%A1logo/Electr%C3%B3nica/M%C3%B3viles/Galaxy-S25-Ultra/p/SM-S938BZKDEUB?previousPriceSelected=renting,https://www.mediamarkt.es/es/product/_movil-samsung-galaxy-s25-ultra-titanium-gray-512-gb-12-gb-ram-69-wqhd-snapdragon-8-5000-mah-android-15-1592060.html,"=HYPERLINK(""https://boutique.bancosantander.es/es/Cat%C3%A1logo/Electr%C3%B3nica/M%C3%B3viles/Galaxy-S25-Ultra/p/SM-S938BZKDEUB?previousPriceSelected=renting"",""Abrir Santander"")","=HYPERLINK(""https://www.mediamarkt.es/es/product/_movil-samsung-galaxy-s25-ultra-titanium-gray-512-gb-12-gb-ram-69-wqhd-snapdragon-8-5000-mah-android-15-1592060.html"",""Abrir Competidor"")",,
Samsung,Samsung Galaxy S25 Ultra,256,financing_max_term,12,91.58,Media Markt,133.5,45.77,45.77,2026-02-25T15:47:33.093143+00:00,2026-02-25T16:01:51.712710+00:00,https://boutique.bancosantander.es/es/Cat%C3%A1logo/Electr%C3%B3nica/M%C3%B3viles/Galaxy-S25-Ultra/p/SM-S938BZKDEUB?previousPriceSelected=renting,https://www.mediamarkt.es/es/product/_movil-samsung-galaxy-s25-ultra-titanium-gray-512-gb-12-gb-ram-69-wqhd-snapdragon-8-5000-mah-android-15-1592060.html,"=HYPERLINK(""https://boutique.bancosantander.es/es/Cat%C3%A1logo/Electr%C3%B3nica/M%C3%B3viles/Galaxy-S25-Ultra/p/SM-S938BZKDEUB?previousPriceSelected=renting"",""Abrir Santander"")","=HYPERLINK(""https://www.mediamarkt.es/es/product/_movil-samsung-galaxy-s25-ultra-titanium-gray-512-gb-12-gb-ram-69-wqhd-snapdragon-8-5000-mah-android-15-1592060.html"",""Abrir Competidor"")",,
Samsung,Samsung Galaxy Z Flip 7,256,financing_max_term,18,57.4,Media Markt,83.47,45.42,45.42,2026-02-25T15:47:35.997996+00:00,2026-02-25T16:07:23.352124+00:00,https://boutique.bancosantander.es/es/Cat%C3%A1logo/Electr%C3%B3nica/M%C3%B3viles/Galaxy-Z-Flip-7/p/SM-F766BZKGEUB?previousPriceSelected=renting,https://www.mediamarkt.es/es/product/_movil-samsung-galaxy-zflip7-rojo-512-gb-12-gb-ram-69-fhd-exynos-2500-4300-mah-android-16-1602552.html,"=HYPERLINK(""https://boutique.bancosantander.es/es/Cat%C3%A1logo/Electr%C3%B3nica/M%C3%B3viles/Galaxy-Z-Flip-7/p/SM-F766BZKGEUB?previousPriceSelected=renting"",""Abrir Santander"")","=HYPERLINK(""https://www.mediamarkt.es/es/product/_movil-samsung-galaxy-zflip7-rojo-512-gb-12-gb-ram-69-fhd-exynos-2500-4300-mah-android-16-1602552.html"",""Abrir Competidor"")",,
Apple,Apple iPad Air M3 13 WiFi,128,cash,,849.0,Media Markt,468.0,-44.88,44.88,2026-02-24T08:36:20.203040+00:00,2026-02-23T14:05:54.026418+00:00,https://boutique.bancosantander.es/es/Cat%C3%A1logo/Apple/iPad/iPad-Air-M3-WiFi-13%22/p/MCNJ4TY_A?previousPriceSelected=renting,https://www.mediamarkt.es/es/product/_apple-ipad-air-2025-128gb-blanco-estrella-13-wifi-pantalla-liquid-retina-chip-m3-9gpu-1596022.html,"=HYPERLINK(""https://boutique.bancosantander.es/es/Cat%C3%A1logo/Apple/iPad/iPad-Air-M3-WiFi-13%22/p/MCNJ4TY_A?previousPriceSelected=renting"",""Abrir Santander"")","=HYPERLINK(""https://www.mediamarkt.es/es/product/_apple-ipad-air-2025-128gb-blanco-estrella-13-wifi-pantalla-liquid-retina-chip-m3-9gpu-1596022.html"",""Abrir Competidor"")",,
Samsung,Samsung Galaxy Z Flip 7,256,financing_max_term,30,38.15,Media Markt,54.7,43.38,43.38,2026-02-25T15:47:35.997996+00:00,2026-02-25T16:07:23.352124+00:00,https://boutique.bancosantander.es/es/Cat%C3%A1logo/Electr%C3%B3nica/M%C3%B3viles/Galaxy-Z-Flip-7/p/SM-F766BZKGEUB?previousPriceSelected=renting,https://www.mediamarkt.es/es/product/_movil-samsung-galaxy-zflip7-rojo-512-gb-12-gb-ram-69-fhd-exynos-2500-4300-mah-android-16-1602552.html,"=HYPERLINK(""https://boutique.bancosantander.es/es/Cat%C3%A1logo/Electr%C3%B3nica/M%C3%B3viles/Galaxy-Z-Flip-7/p/SM-F766BZKGEUB?previousPriceSelected=renting"",""Abrir Santander"")","=HYPERLINK(""https://www.mediamarkt.es/es/product/_movil-samsung-galaxy-zflip7-rojo-512-gb-12-gb-ram-69-fhd-exynos-2500-4300-mah-android-16-1602552.html"",""Abrir Competidor"")",,
Samsung,Samsung Galaxy Z Flip 7,256,financing_max_term,12,84.08,Media Markt,119.68,42.34,42.34,2026-02-25T15:47:35.997996+00:00,2026-02-25T16:07:23.352124+00:00,https://boutique.bancosantander.es/es/Cat%C3%A1logo/Electr%C3%B3nica/M%C3%B3viles/Galaxy-Z-Flip-7/p/SM-F766BZKGEUB?previousPriceSelected=renting,https://www.mediamarkt.es/es/product/_movil-samsung-galaxy-zflip7-rojo-512-gb-12-gb-ram-69-fhd-exynos-2500-4300-mah-android-16-1602552.html,"=HYPERLINK(""https://boutique.bancosantander.es/es/Cat%C3%A1logo/Electr%C3%B3nica/M%C3%B3viles/Galaxy-Z-Flip-7/p/SM-F766BZKGEUB?previousPriceSelected=renting"",""Abrir Santander"")","=HYPERLINK(""https://www.mediamarkt.es/es/product/_movil-samsung-galaxy-zflip7-rojo-512-gb-12-gb-ram-69-fhd-exynos-2500-4300-mah-android-16-1602552.html"",""Abrir Competidor"")",,
Apple,Apple iPad Pro M5 13 WiFi,256,financing_max_term,24,63.57,Apple Oficial,38.07,-40.11,40.11,2026-02-24T08:36:24.350246+00:00,2026-02-24T08:38:00.381040+00:00,https://boutique.bancosantander.es/es/Cat%C3%A1logo/Apple/iPad/iPad-Pro-WiFi-13/p/MDYJ4TY_A?previousPriceSelected=renting,https://www.apple.com/es/shop/buy-ipad/ipad-pro,"=HYPERLINK(""https://boutique.bancosantander.es/es/Cat%C3%A1logo/Apple/iPad/iPad-Pro-WiFi-13/p/MDYJ4TY_A?previousPriceSelected=renting"",""Abrir Santander"")","=HYPERLINK(""https://www.apple.com/es/shop/buy-ipad/ipad-pro"",""Abrir Competidor"")",,
Apple,Apple MacBook Pro 14 M5,512,cash,,1829.0,Apple Oficial,1099.0,-39.91,39.91,2026-02-24T08:36:00.765756+00:00,2026-02-24T08:39:07.398461+00:00,https://boutique.bancosantander.es/es/Cat%C3%A1logo/Apple/Mac/MacBook-Pro-14%22-M5/p/MDE04Y_A?previousPriceSelected=renting,https://www.apple.com/es/shop/buy-mac/macbook-pro,"=HYPERLINK(""https://boutique.bancosantander.es/es/Cat%C3%A1logo/Apple/Mac/MacBook-Pro-14%22-M5/p/MDE04Y_A?previousPriceSelected=renting"",""Abrir Santander"")","=HYPERLINK(""https://www.apple.com/es/shop/buy-mac/macbook-pro"",""Abrir Competidor"")",,
Samsung,Samsung Galaxy S25 Ultra,256,financing_max_term,6,183.17,Media Markt,255.02,39.23,39.23,2026-02-25T15:47:33.093143+00:00,2026-02-25T16:01:51.712710+00:00,https://boutique.bancosantander.es/es/Cat%C3%A1logo/Electr%C3%B3nica/M%C3%B3viles/Galaxy-S25-Ultra/p/SM-S938BZKDEUB?previousPriceSelected=renting,https://www.mediamarkt.es/es/product/_movil-samsung-galaxy-s25-ultra-titanium-gray-512-gb-12-gb-ram-69-wqhd-snapdragon-8-5000-mah-android-15-1592060.html,"=HYPERLINK(""https://boutique.bancosantander.es/es/Cat%C3%A1logo/Electr%C3%B3nica/M%C3%B3viles/Galaxy-S25-Ultra/p/SM-S938BZKDEUB?previousPriceSelected=renting"",""Abrir Santander"")","=HYPERLINK(""https://www.mediamarkt.es/es/product/_movil-samsung-galaxy-s25-ultra-titanium-gray-512-gb-12-gb-ram-69-wqhd-snapdragon-8-5000-mah-android-15-1592060.html"",""Abrir Competidor"")",,
Apple,Apple iPad Air M3 11 WiFi,128,financing_max_term,24,28.47,Media Markt,39.25,37.86,37.86,2026-02-24T08:36:14.851580+00:00,2026-02-23T14:13:55.024984+00:00,https://boutique.bancosantander.es/es/Cat%C3%A1logo/Apple/iPad/iPad-Air-M3-WiFi-11%22/p/MC9W4TY_A?previousPriceSelected=renting,https://www.mediamarkt.es/es/product/_apple-ipad-air-2025-128gb-blanco-estrella-11-wificell-pantalla-liquid-retina-chip-m3-9gpu-1595990.html,"=HYPERLINK(""https://boutique.bancosantander.es/es/Cat%C3%A1logo/Apple/iPad/iPad-Air-M3-WiFi-11%22/p/MC9W4TY_A?previousPriceSelected=renting"",""Abrir Santander"")","=HYPERLINK(""https://www.mediamarkt.es/es/product/_apple-ipad-air-2025-128gb-blanco-estrella-11-wificell-pantalla-liquid-retina-chip-m3-9gpu-1595990.html"",""Abrir Competidor"")",,
Apple,Apple iPad Air M3 11 WiFi,128,cash,,649.0,Media Markt,405.0,-37.6,37.6,2026-02-24T08:36:14.851580+00:00,2026-02-23T14:13:55.024984+00:00,https://boutique.bancosantander.es/es/Cat%C3%A1logo/Apple/iPad/iPad-Air-M3-WiFi-11%22/p/MC9W4TY_A?previousPriceSelected=renting,https://www.mediamarkt.es/es/product/_apple-ipad-air-2025-128gb-blanco-estrella-11-wificell-pantalla-liquid-retina-chip-m3-9gpu-1595990.html,"=HYPERLINK(""https://boutique.bancosantander.es/es/Cat%C3%A1logo/Apple/iPad/iPad-Air-M3-WiFi-11%22/p/MC9W4TY_A?previousPriceSelected=renting"",""Abrir Santander"")","=HYPERLINK(""https://www.mediamarkt.es/es/product/_apple-ipad-air-2025-128gb-blanco-estrella-11-wificell-pantalla-liquid-retina-chip-m3-9gpu-1595990.html"",""Abrir Competidor"")",,
Apple,Apple iPad Pro M5 13 WiFi,512,financing_max_term,24,74.54,Apple Oficial,46.73,-37.31,37.31,2026-02-24T08:36:27.535682+00:00,2026-02-24T08:38:05.591994+00:00,https://boutique.bancosantander.es/es/Cat%C3%A1logo/Apple/iPad/iPad-Pro-WiFi-13/p/MDYL4TY_A?previousPriceSelected=renting,https://www.apple.com/es/shop/buy-ipad/ipad-pro,"=HYPERLINK(""https://boutique.bancosantander.es/es/Cat%C3%A1logo/Apple/iPad/iPad-Pro-WiFi-13/p/MDYL4TY_A?previousPriceSelected=renting"",""Abrir Santander"")","=HYPERLINK(""https://www.apple.com/es/shop/buy-ipad/ipad-pro"",""Abrir Competidor"")",,
Samsung,Samsung Galaxy S25 Ultra,256,financing_max_term,3,366.33,Media Markt,498.33,36.03,36.03,2026-02-25T15:47:33.093143+00:00,2026-02-25T16:01:51.712710+00:00,https://boutique.bancosantander.es/es/Cat%C3%A1logo/Electr%C3%B3nica/M%C3%B3viles/Galaxy-S25-Ultra/p/SM-S938BZKDEUB?previousPriceSelected=renting,https://www.mediamarkt.es/es/product/_movil-samsung-galaxy-s25-ultra-titanium-gray-512-gb-12-gb-ram-69-wqhd-snapdragon-8-5000-mah-android-15-1592060.html,"=HYPERLINK(""https://boutique.bancosantander.es/es/Cat%C3%A1logo/Electr%C3%B3nica/M%C3%B3viles/Galaxy-S25-Ultra/p/SM-S938BZKDEUB?previousPriceSelected=renting"",""Abrir Santander"")","=HYPERLINK(""https://www.mediamarkt.es/es/product/_movil-samsung-galaxy-s25-ultra-titanium-gray-512-gb-12-gb-ram-69-wqhd-snapdragon-8-5000-mah-android-15-1592060.html"",""Abrir Competidor"")",,
Samsung,Samsung Galaxy Z Flip 7,256,financing_max_term,6,168.17,Media Markt,228.62,35.95,35.95,2026-02-25T15:47:35.997996+00:00,2026-02-25T16:07:23.352124+00:00,https://boutique.bancosantander.es/es/Cat%C3%A1logo/Electr%C3%B3nica/M%C3%B3viles/Galaxy-Z-Flip-7/p/SM-F766BZKGEUB?previousPriceSelected=renting,https://www.mediamarkt.es/es/product/_movil-samsung-galaxy-zflip7-rojo-512-gb-12-gb-ram-69-fhd-exynos-2500-4300-mah-android-16-1602552.html,"=HYPERLINK(""https://boutique.bancosantander.es/es/Cat%C3%A1logo/Electr%C3%B3nica/M%C3%B3viles/Galaxy-Z-Flip-7/p/SM-F766BZKGEUB?previousPriceSelected=renting"",""Abrir Santander"")","=HYPERLINK(""https://www.mediamarkt.es/es/product/_movil-samsung-galaxy-zflip7-rojo-512-gb-12-gb-ram-69-fhd-exynos-2500-4300-mah-android-16-1602552.html"",""Abrir Competidor"")",,
Apple,Apple iPad Air M3 11 WiFi,128,financing_max_term,18,36.92,Media Markt,50.06,35.59,35.59,2026-02-24T08:36:14.851580+00:00,2026-02-23T14:13:55.024984+00:00,https://boutique.bancosantander.es/es/Cat%C3%A1logo/Apple/iPad/iPad-Air-M3-WiFi-11%22/p/MC9W4TY_A?previousPriceSelected=renting,https://www.mediamarkt.es/es/product/_apple-ipad-air-2025-128gb-blanco-estrella-11-wificell-pantalla-liquid-retina-chip-m3-9gpu-1595990.html,"=HYPERLINK(""https://boutique.bancosantander.es/es/Cat%C3%A1logo/Apple/iPad/iPad-Air-M3-WiFi-11%22/p/MC9W4TY_A?previousPriceSelected=renting"",""Abrir Santander"")","=HYPERLINK(""https://www.mediamarkt.es/es/product/_apple-ipad-air-2025-128gb-blanco-estrella-11-wificell-pantalla-liquid-retina-chip-m3-9gpu-1595990.html"",""Abrir Competidor"")",,
Apple,Apple MacBook Air 15 M4,512,cash,,1649.0,Apple Oficial,1099.0,-33.35,33.35,2026-02-24T08:35:47.961100+00:00,2026-02-24T08:38:52.901214+00:00,https://boutique.bancosantander.es/es/Cat%C3%A1logo/Apple/Mac/MacBook-Air-15%22-M4/p/MC7C4Y_A?previousPriceSelected=renting,https://www.apple.com/es/shop/buy-mac/macbook-air,"=HYPERLINK(""https://boutique.bancosantander.es/es/Cat%C3%A1logo/Apple/Mac/MacBook-Air-15%22-M4/p/MC7C4Y_A?previousPriceSelected=renting"",""Abrir Santander"")","=HYPERLINK(""https://www.apple.com/es/shop/buy-mac/macbook-air"",""Abrir Competidor"")",,
Samsung,Samsung Galaxy Z Flip 7,256,financing_max_term,3,336.33,Media Markt,446.75,32.83,32.83,2026-02-25T15:47:35.997996+00:00,2026-02-25T16:07:23.352124+00:00,https://boutique.bancosantander.es/es/Cat%C3%A1logo/Electr%C3%B3nica/M%C3%B3viles/Galaxy-Z-Flip-7/p/SM-F766BZKGEUB?previousPriceSelected=renting,https://www.mediamarkt.es/es/product/_movil-samsung-galaxy-zflip7-rojo-512-gb-12-gb-ram-69-fhd-exynos-2500-4300-mah-android-16-1602552.html,"=HYPERLINK(""https://boutique.bancosantander.es/es/Cat%C3%A1logo/Electr%C3%B3nica/M%C3%B3viles/Galaxy-Z-Flip-7/p/SM-F766BZKGEUB?previousPriceSelected=renting"",""Abrir Santander"")","=HYPERLINK(""https://www.mediamarkt.es/es/product/_movil-samsung-galaxy-zflip7-rojo-512-gb-12-gb-ram-69-fhd-exynos-2500-4300-mah-android-16-1602552.html"",""Abrir Competidor"")",,
Samsung,Samsung Galaxy S25 Ultra,256,cash,,1099.0,Samsung Oficial,1459.01,32.76,32.76,2026-02-25T15:47:33.093143+00:00,2026-02-25T16:38:19.866653+00:00,https://boutique.bancosantander.es/es/Cat%C3%A1logo/Electr%C3%B3nica/M%C3%B3viles/Galaxy-S25-Ultra/p/SM-S938BZKDEUB?previousPriceSelected=renting,https://www.samsung.com/es/smartphones/galaxy-s25-ultra/buy/,"=HYPERLINK(""https://boutique.bancosantander.es/es/Cat%C3%A1logo/Electr%C3%B3nica/M%C3%B3viles/Galaxy-S25-Ultra/p/SM-S938BZKDEUB?previousPriceSelected=renting"",""Abrir Santander"")","=HYPERLINK(""https://www.samsung.com/es/smartphones/galaxy-s25-ultra/buy/"",""Abrir Competidor"")",,
Apple,Apple iPad Air M3 11 WiFi,128,financing_max_term,12,54.08,Media Markt,71.77,32.71,32.71,2026-02-24T08:36:14.851580+00:00,2026-02-23T14:13:55.024984+00:00,https://boutique.bancosantander.es/es/Cat%C3%A1logo/Apple/iPad/iPad-Air-M3-WiFi-11%22/p/MC9W4TY_A?previousPriceSelected=renting,https://www.mediamarkt.es/es/product/_apple-ipad-air-2025-128gb-blanco-estrella-11-wificell-pantalla-liquid-retina-chip-m3-9gpu-1595990.html,"=HYPERLINK(""https://boutique.bancosantander.es/es/Cat%C3%A1logo/Apple/iPad/iPad-Air-M3-WiFi-11%22/p/MC9W4TY_A?previousPriceSelected=renting"",""Abrir Santander"")","=HYPERLINK(""https://www.mediamarkt.es/es/product/_apple-ipad-air-2025-128gb-blanco-estrella-11-wificell-pantalla-liquid-retina-chip-m3-9gpu-1595990.html"",""Abrir Competidor"")",,
Samsung,Samsung Galaxy S25 Ultra,256,cash,,1099.0,Media Markt,1449.0,31.85,31.85,2026-02-25T15:47:33.093143+00:00,2026-02-25T16:01:51.712710+00:00,https://boutique.bancosantander.es/es/Cat%C3%A1logo/Electr%C3%B3nica/M%C3%B3viles/Galaxy-S25-Ultra/p/SM-S938BZKDEUB?previousPriceSelected=renting,https://www.mediamarkt.es/es/product/_movil-samsung-galaxy-s25-ultra-titanium-gray-512-gb-12-gb-ram-69-wqhd-snapdragon-8-5000-mah-android-15-1592060.html,"=HYPERLINK(""https://boutique.bancosantander.es/es/Cat%C3%A1logo/Electr%C3%B3nica/M%C3%B3viles/Galaxy-S25-Ultra/p/SM-S938BZKDEUB?previousPriceSelected=renting"",""Abrir Santander"")","=HYPERLINK(""https://www.mediamarkt.es/es/product/_movil-samsung-galaxy-s25-ultra-titanium-gray-512-gb-12-gb-ram-69-wqhd-snapdragon-8-5000-mah-android-15-1592060.html"",""Abrir Competidor"")",,
Apple,Apple iPad Pro M5 13 WiFi,256,financing_max_term,24,63.57,Media Markt,83.08,30.69,30.69,2026-02-24T08:36:24.350246+00:00,2026-02-23T14:17:24.321304+00:00,https://boutique.bancosantander.es/es/Cat%C3%A1logo/Apple/iPad/iPad-Pro-WiFi-13/p/MDYJ4TY_A?previousPriceSelected=renting,https://www.mediamarkt.es/es/product/_ipad-pro-13-wf-cl-256gb-slvr-isp-1608810.html,"=HYPERLINK(""https://boutique.bancosantander.es/es/Cat%C3%A1logo/Apple/iPad/iPad-Pro-WiFi-13/p/MDYJ4TY_A?previousPriceSelected=renting"",""Abrir Santander"")","=HYPERLINK(""https://www.mediamarkt.es/es/product/_ipad-pro-13-wf-cl-256gb-slvr-isp-1608810.html"",""Abrir Competidor"")",,
