country,retailer,retailer_slug,product_family,brand,device_type,model,capacity_gb,product_code,offer_type,price_value,price_text,price_unit,term_months,in_stock,data_quality_tier,price_capture_kind,extracted_at,source_url,source_title,source_snapshot,source_snapshots
ES,Santander Boutique,santander_boutique,Samsung,Samsung,mobile,Samsung Galaxy S25,256,,renting_no_insurance,24.99,24.99 EUR,EUR/month,36,True,santander_api_live,api_exact,2026-03-24T16:29:44.229647+00:00,https://boutique.bancosantander.es/es/Cat%C3%A1logo/Electr%C3%B3nica/M%C3%B3viles/Galaxy-S25/p/SM-S931BZSGEUB?previousPriceSelected=renting,Galaxy S25,,
ES,Santander Boutique,santander_boutique,Samsung,Samsung,mobile,Samsung Galaxy S25,256,,renting_with_insurance,27.0,27.00 EUR,EUR/month,36,True,santander_api_live,api_exact,2026-03-24T16:29:44.229647+00:00,https://boutique.bancosantander.es/es/Cat%C3%A1logo/Electr%C3%B3nica/M%C3%B3viles/Galaxy-S25/p/SM-S931BZSGEUB?previousPriceSelected=renting,Galaxy S25,,
ES,Santander Boutique,santander_boutique,Samsung,Samsung,mobile,Samsung Galaxy S25,256,,financing_max_term,30.21,30.21 EUR,EUR/month,30,True,santander_api_live,api_exact,2026-03-24T16:29:44.229647+00:00,https://boutique.bancosantander.es/es/Cat%C3%A1logo/Electr%C3%B3nica/M%C3%B3viles/Galaxy-S25/p/SM-S931BZSGEUB?previousPriceSelected=renting,Galaxy S25,,
ES,Santander Boutique,santander_boutique,Samsung,Samsung,mobile,Samsung Galaxy S25,256,,financing_max_term,35.05,35.05 EUR,EUR/month,24,True,santander_api_live,api_exact,2026-03-24T16:29:44.229647+00:00,https://boutique.bancosantander.es/es/Cat%C3%A1logo/Electr%C3%B3nica/M%C3%B3viles/Galaxy-S25/p/SM-S931BZSGEUB?previousPriceSelected=renting,Galaxy S25,,
ES,Santander Boutique,santander_boutique,Samsung,Samsung,mobile,Samsung Galaxy S25,256,,financing_max_term,45.45,45.45 EUR,EUR/month,18,True,santander_api_live,api_exact,2026-03-24T16:29:44.229647+00:00,https://boutique.bancosantander.es/es/Cat%C3%A1logo/Electr%C3%B3nica/M%C3%B3viles/Galaxy-S25/p/SM-S931BZSGEUB?previousPriceSelected=renting,Galaxy S25,,
ES,Santander Boutique,santander_boutique,Samsung,Samsung,mobile,Samsung Galaxy S25,256,,financing_max_term,66.58,66.58 EUR,EUR/month,12,True,santander_api_live,api_exact,2026-03-24T16:29:44.229647+00:00,https://boutique.bancosantander.es/es/Cat%C3%A1logo/Electr%C3%B3nica/M%C3%B3viles/Galaxy-S25/p/SM-S931BZSGEUB?previousPriceSelected=renting,Galaxy S25,,
ES,Santander Boutique,santander_boutique,Samsung,Samsung,mobile,Samsung Galaxy S25,256,,financing_max_term,133.17,133.17 EUR,EUR/month,6,True,santander_api_live,api_exact,2026-03-24T16:29:44.229647+00:00,https://boutique.bancosantander.es/es/Cat%C3%A1logo/Electr%C3%B3nica/M%C3%B3viles/Galaxy-S25/p/SM-S931BZSGEUB?previousPriceSelected=renting,Galaxy S25,,
ES,Santander Boutique,santander_boutique,Samsung,Samsung,mobile,Samsung Galaxy S25,256,,financing_max_term,266.33,266.33 EUR,EUR/month,3,True,santander_api_live,api_exact,2026-03-24T16:29:44.229647+00:00,https://boutique.bancosantander.es/es/Cat%C3%A1logo/Electr%C3%B3nica/M%C3%B3viles/Galaxy-S25/p/SM-S931BZSGEUB?previousPriceSelected=renting,Galaxy S25,,
ES,Santander Boutique,santander_boutique,Samsung,Samsung,mobile,Samsung Galaxy S25,256,,cash,799.0,799.00 EUR,EUR,,True,santander_api_live,api_exact,2026-03-24T16:29:44.229647+00:00,https://boutique.bancosantander.es/es/Cat%C3%A1logo/Electr%C3%B3nica/M%C3%B3viles/Galaxy-S25/p/SM-S931BZSGEUB?previousPriceSelected=renting,Galaxy S25,,
ES,Santander Boutique,santander_boutique,Samsung,Samsung,tablet,Samsung Galaxy Tab A11+ Wifi,128,,renting_no_insurance,8.99,8.99 EUR,EUR/month,36,True,santander_api_live,api_exact,2026-03-24T16:29:44.416645+00:00,https://boutique.bancosantander.es/es/Cat%C3%A1logo/Electr%C3%B3nica/Tablets/Galaxy-Tab-A11%2B/p/SM-X230NZAREUB?previousPriceSelected=renting,Galaxy Tab A11+ Wifi,,
ES,Santander Boutique,santander_boutique,Samsung,Samsung,tablet,Samsung Galaxy Tab A11+ Wifi,128,,financing_max_term,7.9,7.90 EUR,EUR/month,30,True,santander_api_live,api_exact,2026-03-24T16:29:44.416645+00:00,https://boutique.bancosantander.es/es/Cat%C3%A1logo/Electr%C3%B3nica/Tablets/Galaxy-Tab-A11%2B/p/SM-X230NZAREUB?previousPriceSelected=renting,Galaxy Tab A11+ Wifi,,
ES,Santander Boutique,santander_boutique,Samsung,Samsung,tablet,Samsung Galaxy Tab A11+ Wifi,128,,financing_max_term,9.17,9.17 EUR,EUR/month,24,True,santander_api_live,api_exact,2026-03-24T16:29:44.416645+00:00,https://boutique.bancosantander.es/es/Cat%C3%A1logo/Electr%C3%B3nica/Tablets/Galaxy-Tab-A11%2B/p/SM-X230NZAREUB?previousPriceSelected=renting,Galaxy Tab A11+ Wifi,,
ES,Santander Boutique,santander_boutique,Samsung,Samsung,tablet,Samsung Galaxy Tab A11+ Wifi,128,,financing_max_term,11.89,11.89 EUR,EUR/month,18,True,santander_api_live,api_exact,2026-03-24T16:29:44.416645+00:00,https://boutique.bancosantander.es/es/Cat%C3%A1logo/Electr%C3%B3nica/Tablets/Galaxy-Tab-A11%2B/p/SM-X230NZAREUB?previousPriceSelected=renting,Galaxy Tab A11+ Wifi,,
ES,Santander Boutique,santander_boutique,Samsung,Samsung,tablet,Samsung Galaxy Tab A11+ Wifi,128,,financing_max_term,17.42,17.42 EUR,EUR/month,12,True,santander_api_live,api_exact,2026-03-24T16:29:44.416645+00:00,https://boutique.bancosantander.es/es/Cat%C3%A1logo/Electr%C3%B3nica/Tablets/Galaxy-Tab-A11%2B/p/SM-X230NZAREUB?previousPriceSelected=renting,Galaxy Tab A11+ Wifi,,
ES,Santander Boutique,santander_boutique,Samsung,Samsung,tablet,Samsung Galaxy Tab A11+ Wifi,128,,financing_max_term,34.83,34.83 EUR,EUR/month,6,True,santander_api_live,api_exact,2026-03-24T16:29:44.416645+00:00,https://boutique.bancosantander.es/es/Cat%C3%A1logo/Electr%C3%B3nica/Tablets/Galaxy-Tab-A11%2B/p/SM-X230NZAREUB?previousPriceSelected=renting,Galaxy Tab A11+ Wifi,,
ES,Santander Boutique,santander_boutique,Samsung,Samsung,tablet,Samsung Galaxy Tab A11+ Wifi,128,,financing_max_term,69.67,69.67 EUR,EUR/month,3,True,santander_api_live,api_exact,2026-03-24T16:29:44.416645+00:00,https://boutique.bancosantander.es/es/Cat%C3%A1logo/Electr%C3%B3nica/Tablets/Galaxy-Tab-A11%2B/p/SM-X230NZAREUB?previousPriceSelected=renting,Galaxy Tab A11+ Wifi,,
ES,Santander Boutique,santander_boutique,Samsung,Samsung,tablet,Samsung Galaxy Tab A11+ Wifi,128,,cash,209.0,209.00 EUR,EUR,,True,santander_api_live,api_exact,2026-03-24T16:29:44.416645+00:00,https://boutique.bancosantander.es/es/Cat%C3%A1logo/Electr%C3%B3nica/Tablets/Galaxy-Tab-A11%2B/p/SM-X230NZAREUB?previousPriceSelected=renting,Galaxy Tab A11+ Wifi,,
ES,Santander Boutique,santander_boutique,Samsung,Samsung,laptop,Samsung Galaxy Book4 15,512,,renting_with_insurance,27.99,27.99 EUR,EUR/month,36,True,santander_api_live,api_exact,2026-03-24T16:29:46.660646+00:00,https://boutique.bancosantander.es/es/Cat%C3%A1logo/Electr%C3%B3nica/Port%C3%A1tiles/Samsung-Galaxy-Book4-15%2C6%22-i5-16GB-512GB/p/NP754XGJ-KG2ES?previousPriceSelected=renting,"Samsung Galaxy Book4 15,6"" / i5 / 16GB / 512GB",,
ES,Santander Boutique,santander_boutique,Samsung,Samsung,mobile,Samsung Galaxy S26 5G,256,,renting_no_insurance,25.99,25.99 EUR,EUR/month,36,True,santander_api_live,api_exact,2026-03-24T16:29:46.932161+00:00,https://boutique.bancosantander.es/es/Cat%C3%A1logo/Electr%C3%B3nica/M%C3%B3viles/Galaxy-S26/p/SM-S942BZKGEUB?previousPriceSelected=renting,Galaxy S26 5G,,
ES,Santander Boutique,santander_boutique,Samsung,Samsung,mobile,Samsung Galaxy S26 5G,256,,renting_with_insurance,28.99,28.99 EUR,EUR/month,36,True,santander_api_live,api_exact,2026-03-24T16:29:46.932161+00:00,https://boutique.bancosantander.es/es/Cat%C3%A1logo/Electr%C3%B3nica/M%C3%B3viles/Galaxy-S26/p/SM-S942BZKGEUB?previousPriceSelected=renting,Galaxy S26 5G,,
ES,Santander Boutique,santander_boutique,Samsung,Samsung,mobile,Samsung Galaxy S26 5G,256,,financing_max_term,37.77,37.77 EUR,EUR/month,30,True,santander_api_live,api_exact,2026-03-24T16:29:46.932161+00:00,https://boutique.bancosantander.es/es/Cat%C3%A1logo/Electr%C3%B3nica/M%C3%B3viles/Galaxy-S26/p/SM-S942BZKGEUB?previousPriceSelected=renting,Galaxy S26 5G,,
ES,Santander Boutique,santander_boutique,Samsung,Samsung,mobile,Samsung Galaxy S26 5G,256,,financing_max_term,43.83,43.83 EUR,EUR/month,24,True,santander_api_live,api_exact,2026-03-24T16:29:46.932161+00:00,https://boutique.bancosantander.es/es/Cat%C3%A1logo/Electr%C3%B3nica/M%C3%B3viles/Galaxy-S26/p/SM-S942BZKGEUB?previousPriceSelected=renting,Galaxy S26 5G,,
ES,Santander Boutique,santander_boutique,Samsung,Samsung,mobile,Samsung Galaxy S26 5G,256,,financing_max_term,56.83,56.83 EUR,EUR/month,18,True,santander_api_live,api_exact,2026-03-24T16:29:46.932161+00:00,https://boutique.bancosantander.es/es/Cat%C3%A1logo/Electr%C3%B3nica/M%C3%B3viles/Galaxy-S26/p/SM-S942BZKGEUB?previousPriceSelected=renting,Galaxy S26 5G,,
ES,Santander Boutique,santander_boutique,Samsung,Samsung,mobile,Samsung Galaxy S26 5G,256,,financing_max_term,83.25,83.25 EUR,EUR/month,12,True,santander_api_live,api_exact,2026-03-24T16:29:46.932161+00:00,https://boutique.bancosantander.es/es/Cat%C3%A1logo/Electr%C3%B3nica/M%C3%B3viles/Galaxy-S26/p/SM-S942BZKGEUB?previousPriceSelected=renting,Galaxy S26 5G,,
ES,Santander Boutique,santander_boutique,Samsung,Samsung,mobile,Samsung Galaxy S26 5G,256,,financing_max_term,166.5,166.50 EUR,EUR/month,6,True,santander_api_live,api_exact,2026-03-24T16:29:46.932161+00:00,https://boutique.bancosantander.es/es/Cat%C3%A1logo/Electr%C3%B3nica/M%C3%B3viles/Galaxy-S26/p/SM-S942BZKGEUB?previousPriceSelected=renting,Galaxy S26 5G,,
ES,Santander Boutique,santander_boutique,Samsung,Samsung,mobile,Samsung Galaxy S26 5G,256,,financing_max_term,333.0,333.00 EUR,EUR/month,3,True,santander_api_live,api_exact,2026-03-24T16:29:46.932161+00:00,https://boutique.bancosantander.es/es/Cat%C3%A1logo/Electr%C3%B3nica/M%C3%B3viles/Galaxy-S26/p/SM-S942BZKGEUB?previousPriceSelected=renting,Galaxy S26 5G,,
ES,Santander Boutique,santander_boutique,Samsung,Samsung,mobile,Samsung Galaxy S26 5G,256,,cash,999.0,999.00 EUR,EUR,,True,santander_api_live,api_exact,2026-03-24T16:29:46.932161+00:00,https://boutique.bancosantander.es/es/Cat%C3%A1logo/Electr%C3%B3nica/M%C3%B3viles/Galaxy-S26/p/SM-S942BZKGEUB?previousPriceSelected=renting,Galaxy S26 5G,,
ES,Santander Boutique,santander_boutique,Samsung,Samsung,tablet,Samsung Galaxy Tab S11 Ultra wifi,256,,renting_no_insurance,39.99,39.99 EUR,EUR/month,36,True,santander_api_live,api_exact,2026-03-24T16:29:47.340092+00:00,https://boutique.bancosantander.es/es/Cat%C3%A1logo/Electr%C3%B3nica/Tablets/Galaxy-Tab-S11-Ultra-wifi---256gb/p/SM-X930NZAREUB?previousPriceSelected=renting,Galaxy Tab S11 Ultra wifi - 256gb,,
ES,Santander Boutique,santander_boutique,Samsung,Samsung,tablet,Samsung Galaxy Tab S11 Ultra wifi,256,,renting_with_insurance,42.99,42.99 EUR,EUR/month,36,True,santander_api_live,api_exact,2026-03-24T16:29:47.340092+00:00,https://boutique.bancosantander.es/es/Cat%C3%A1logo/Electr%C3%B3nica/Tablets/Galaxy-Tab-S11-Ultra-wifi---256gb/p/SM-X930NZAREUB?previousPriceSelected=renting,Galaxy Tab S11 Ultra wifi - 256gb,,
ES,Santander Boutique,santander_boutique,Samsung,Samsung,tablet,Samsung Galaxy Tab S11 Ultra wifi,256,,financing_max_term,50.63,50.63 EUR,EUR/month,30,True,santander_api_live,api_exact,2026-03-24T16:29:47.340092+00:00,https://boutique.bancosantander.es/es/Cat%C3%A1logo/Electr%C3%B3nica/Tablets/Galaxy-Tab-S11-Ultra-wifi---256gb/p/SM-X930NZAREUB?previousPriceSelected=renting,Galaxy Tab S11 Ultra wifi - 256gb,,
ES,Santander Boutique,santander_boutique,Samsung,Samsung,tablet,Samsung Galaxy Tab S11 Ultra wifi,256,,financing_max_term,58.74,58.74 EUR,EUR/month,24,True,santander_api_live,api_exact,2026-03-24T16:29:47.340092+00:00,https://boutique.bancosantander.es/es/Cat%C3%A1logo/Electr%C3%B3nica/Tablets/Galaxy-Tab-S11-Ultra-wifi---256gb/p/SM-X930NZAREUB?previousPriceSelected=renting,Galaxy Tab S11 Ultra wifi - 256gb,,
ES,Santander Boutique,santander_boutique,Samsung,Samsung,tablet,Samsung Galaxy Tab S11 Ultra wifi,256,,financing_max_term,76.17,76.17 EUR,EUR/month,18,True,santander_api_live,api_exact,2026-03-24T16:29:47.340092+00:00,https://boutique.bancosantander.es/es/Cat%C3%A1logo/Electr%C3%B3nica/Tablets/Galaxy-Tab-S11-Ultra-wifi---256gb/p/SM-X930NZAREUB?previousPriceSelected=renting,Galaxy Tab S11 Ultra wifi - 256gb,,
ES,Santander Boutique,santander_boutique,Samsung,Samsung,tablet,Samsung Galaxy Tab S11 Ultra wifi,256,,financing_max_term,111.58,111.58 EUR,EUR/month,12,True,santander_api_live,api_exact,2026-03-24T16:29:47.340092+00:00,https://boutique.bancosantander.es/es/Cat%C3%A1logo/Electr%C3%B3nica/Tablets/Galaxy-Tab-S11-Ultra-wifi---256gb/p/SM-X930NZAREUB?previousPriceSelected=renting,Galaxy Tab S11 Ultra wifi - 256gb,,
ES,Santander Boutique,santander_boutique,Samsung,Samsung,tablet,Samsung Galaxy Tab S11 Ultra wifi,256,,financing_max_term,223.17,223.17 EUR,EUR/month,6,True,santander_api_live,api_exact,2026-03-24T16:29:47.340092+00:00,https://boutique.bancosantander.es/es/Cat%C3%A1logo/Electr%C3%B3nica/Tablets/Galaxy-Tab-S11-Ultra-wifi---256gb/p/SM-X930NZAREUB?previousPriceSelected=renting,Galaxy Tab S11 Ultra wifi - 256gb,,
ES,Santander Boutique,santander_boutique,Samsung,Samsung,tablet,Samsung Galaxy Tab S11 Ultra wifi,256,,financing_max_term,446.33,446.33 EUR,EUR/month,3,True,santander_api_live,api_exact,2026-03-24T16:29:47.340092+00:00,https://boutique.bancosantander.es/es/Cat%C3%A1logo/Electr%C3%B3nica/Tablets/Galaxy-Tab-S11-Ultra-wifi---256gb/p/SM-X930NZAREUB?previousPriceSelected=renting,Galaxy Tab S11 Ultra wifi - 256gb,,
ES,Santander Boutique,santander_boutique,Samsung,Samsung,tablet,Samsung Galaxy Tab S11 Ultra wifi,256,,cash,1339.0,1339.00 EUR,EUR,,True,santander_api_live,api_exact,2026-03-24T16:29:47.340092+00:00,https://boutique.bancosantander.es/es/Cat%C3%A1logo/Electr%C3%B3nica/Tablets/Galaxy-Tab-S11-Ultra-wifi---256gb/p/SM-X930NZAREUB?previousPriceSelected=renting,Galaxy Tab S11 Ultra wifi - 256gb,,
ES,Santander Boutique,santander_boutique,Samsung,Samsung,laptop,Samsung Galaxy Book5 Pro 14,512,,renting_with_insurance,51.99,51.99 EUR,EUR/month,36,True,santander_api_live,api_exact,2026-03-24T16:29:48.946447+00:00,https://boutique.bancosantander.es/es/Cat%C3%A1logo/Electr%C3%B3nica/Port%C3%A1tiles/Galaxy-Book5-Pro-14%22-Ultra5-16GB-512GB/p/NP944XHA-KG1ES?previousPriceSelected=renting,"Galaxy Book5 Pro 14"" Ultra5 16GB 512GB",,
ES,Santander Boutique,santander_boutique,Samsung,Samsung,laptop,Samsung Galaxy Book5 Pro 14,512,,financing_max_term,62.35,62.35 EUR,EUR/month,30,True,santander_api_live,api_exact,2026-03-24T16:29:48.946447+00:00,https://boutique.bancosantander.es/es/Cat%C3%A1logo/Electr%C3%B3nica/Port%C3%A1tiles/Galaxy-Book5-Pro-14%22-Ultra5-16GB-512GB/p/NP944XHA-KG1ES?previousPriceSelected=renting,"Galaxy Book5 Pro 14"" Ultra5 16GB 512GB",,
ES,Santander Boutique,santander_boutique,Samsung,Samsung,laptop,Samsung Galaxy Book5 Pro 14,512,,financing_max_term,72.34,72.34 EUR,EUR/month,24,True,santander_api_live,api_exact,2026-03-24T16:29:48.946447+00:00,https://boutique.bancosantander.es/es/Cat%C3%A1logo/Electr%C3%B3nica/Port%C3%A1tiles/Galaxy-Book5-Pro-14%22-Ultra5-16GB-512GB/p/NP944XHA-KG1ES?previousPriceSelected=renting,"Galaxy Book5 Pro 14"" Ultra5 16GB 512GB",,
ES,Santander Boutique,santander_boutique,Samsung,Samsung,laptop,Samsung Galaxy Book5 Pro 14,512,,financing_max_term,93.8,93.80 EUR,EUR/month,18,True,santander_api_live,api_exact,2026-03-24T16:29:48.946447+00:00,https://boutique.bancosantander.es/es/Cat%C3%A1logo/Electr%C3%B3nica/Port%C3%A1tiles/Galaxy-Book5-Pro-14%22-Ultra5-16GB-512GB/p/NP944XHA-KG1ES?previousPriceSelected=renting,"Galaxy Book5 Pro 14"" Ultra5 16GB 512GB",,
ES,Santander Boutique,santander_boutique,Samsung,Samsung,laptop,Samsung Galaxy Book5 Pro 14,512,,financing_max_term,137.42,137.42 EUR,EUR/month,12,True,santander_api_live,api_exact,2026-03-24T16:29:48.946447+00:00,https://boutique.bancosantander.es/es/Cat%C3%A1logo/Electr%C3%B3nica/Port%C3%A1tiles/Galaxy-Book5-Pro-14%22-Ultra5-16GB-512GB/p/NP944XHA-KG1ES?previousPriceSelected=renting,"Galaxy Book5 Pro 14"" Ultra5 16GB 512GB",,
ES,Santander Boutique,santander_boutique,Samsung,Samsung,laptop,Samsung Galaxy Book5 Pro 14,512,,financing_max_term,274.83,274.83 EUR,EUR/month,6,True,santander_api_live,api_exact,2026-03-24T16:29:48.946447+00:00,https://boutique.bancosantander.es/es/Cat%C3%A1logo/Electr%C3%B3nica/Port%C3%A1tiles/Galaxy-Book5-Pro-14%22-Ultra5-16GB-512GB/p/NP944XHA-KG1ES?previousPriceSelected=renting,"Galaxy Book5 Pro 14"" Ultra5 16GB 512GB",,
ES,Santander Boutique,santander_boutique,Samsung,Samsung,laptop,Samsung Galaxy Book5 Pro 14,512,,financing_max_term,549.67,549.67 EUR,EUR/month,3,True,santander_api_live,api_exact,2026-03-24T16:29:48.946447+00:00,https://boutique.bancosantander.es/es/Cat%C3%A1logo/Electr%C3%B3nica/Port%C3%A1tiles/Galaxy-Book5-Pro-14%22-Ultra5-16GB-512GB/p/NP944XHA-KG1ES?previousPriceSelected=renting,"Galaxy Book5 Pro 14"" Ultra5 16GB 512GB",,
ES,Santander Boutique,santander_boutique,Samsung,Samsung,laptop,Samsung Galaxy Book5 Pro 14,512,,cash,1649.0,1649.00 EUR,EUR,,True,santander_api_live,api_exact,2026-03-24T16:29:48.946447+00:00,https://boutique.bancosantander.es/es/Cat%C3%A1logo/Electr%C3%B3nica/Port%C3%A1tiles/Galaxy-Book5-Pro-14%22-Ultra5-16GB-512GB/p/NP944XHA-KG1ES?previousPriceSelected=renting,"Galaxy Book5 Pro 14"" Ultra5 16GB 512GB",,
ES,Santander Boutique,santander_boutique,Samsung,Samsung,mobile,Samsung Galaxy S26+ 5G,256,,renting_no_insurance,31.99,31.99 EUR,EUR/month,36,True,santander_api_live,api_exact,2026-03-24T16:29:49.225721+00:00,https://boutique.bancosantander.es/es/Cat%C3%A1logo/Electr%C3%B3nica/M%C3%B3viles/Galaxy-S26%2B-5G/p/SM-S947BZKDEUB?previousPriceSelected=renting,Galaxy S26+ 5G,,
ES,Santander Boutique,santander_boutique,Samsung,Samsung,mobile,Samsung Galaxy S26+ 5G,256,,renting_with_insurance,35.99,35.99 EUR,EUR/month,36,True,santander_api_live,api_exact,2026-03-24T16:29:49.225721+00:00,https://boutique.bancosantander.es/es/Cat%C3%A1logo/Electr%C3%B3nica/M%C3%B3viles/Galaxy-S26%2B-5G/p/SM-S947BZKDEUB?previousPriceSelected=renting,Galaxy S26+ 5G,,
ES,Santander Boutique,santander_boutique,Samsung,Samsung,mobile,Samsung Galaxy S26+ 5G,256,,financing_max_term,47.23,47.23 EUR,EUR/month,30,True,santander_api_live,api_exact,2026-03-24T16:29:49.225721+00:00,https://boutique.bancosantander.es/es/Cat%C3%A1logo/Electr%C3%B3nica/M%C3%B3viles/Galaxy-S26%2B-5G/p/SM-S947BZKDEUB?previousPriceSelected=renting,Galaxy S26+ 5G,,
ES,Santander Boutique,santander_boutique,Samsung,Samsung,mobile,Samsung Galaxy S26+ 5G,256,,financing_max_term,54.8,54.80 EUR,EUR/month,24,True,santander_api_live,api_exact,2026-03-24T16:29:49.225721+00:00,https://boutique.bancosantander.es/es/Cat%C3%A1logo/Electr%C3%B3nica/M%C3%B3viles/Galaxy-S26%2B-5G/p/SM-S947BZKDEUB?previousPriceSelected=renting,Galaxy S26+ 5G,,
ES,Santander Boutique,santander_boutique,Samsung,Samsung,mobile,Samsung Galaxy S26+ 5G,256,,financing_max_term,71.05,71.05 EUR,EUR/month,18,True,santander_api_live,api_exact,2026-03-24T16:29:49.225721+00:00,https://boutique.bancosantander.es/es/Cat%C3%A1logo/Electr%C3%B3nica/M%C3%B3viles/Galaxy-S26%2B-5G/p/SM-S947BZKDEUB?previousPriceSelected=renting,Galaxy S26+ 5G,,
ES,Santander Boutique,santander_boutique,Samsung,Samsung,mobile,Samsung Galaxy S26+ 5G,256,,financing_max_term,104.08,104.08 EUR,EUR/month,12,True,santander_api_live,api_exact,2026-03-24T16:29:49.225721+00:00,https://boutique.bancosantander.es/es/Cat%C3%A1logo/Electr%C3%B3nica/M%C3%B3viles/Galaxy-S26%2B-5G/p/SM-S947BZKDEUB?previousPriceSelected=renting,Galaxy S26+ 5G,,
ES,Santander Boutique,santander_boutique,Samsung,Samsung,mobile,Samsung Galaxy S26+ 5G,256,,financing_max_term,208.17,208.17 EUR,EUR/month,6,True,santander_api_live,api_exact,2026-03-24T16:29:49.225721+00:00,https://boutique.bancosantander.es/es/Cat%C3%A1logo/Electr%C3%B3nica/M%C3%B3viles/Galaxy-S26%2B-5G/p/SM-S947BZKDEUB?previousPriceSelected=renting,Galaxy S26+ 5G,,
ES,Santander Boutique,santander_boutique,Samsung,Samsung,mobile,Samsung Galaxy S26+ 5G,256,,financing_max_term,416.33,416.33 EUR,EUR/month,3,True,santander_api_live,api_exact,2026-03-24T16:29:49.225721+00:00,https://boutique.bancosantander.es/es/Cat%C3%A1logo/Electr%C3%B3nica/M%C3%B3viles/Galaxy-S26%2B-5G/p/SM-S947BZKDEUB?previousPriceSelected=renting,Galaxy S26+ 5G,,
ES,Santander Boutique,santander_boutique,Samsung,Samsung,mobile,Samsung Galaxy S26+ 5G,256,,cash,1249.0,1249.00 EUR,EUR,,True,santander_api_live,api_exact,2026-03-24T16:29:49.225721+00:00,https://boutique.bancosantander.es/es/Cat%C3%A1logo/Electr%C3%B3nica/M%C3%B3viles/Galaxy-S26%2B-5G/p/SM-S947BZKDEUB?previousPriceSelected=renting,Galaxy S26+ 5G,,
ES,Santander Boutique,santander_boutique,Samsung,Samsung,tablet,Samsung Galaxy Tab S10 Lite WiFi,128,,renting_no_insurance,11.99,11.99 EUR,EUR/month,36,True,santander_api_live,api_exact,2026-03-24T16:29:49.650708+00:00,https://boutique.bancosantander.es/es/Cat%C3%A1logo/Electr%C3%B3nica/Tablets/Galaxy-Tab-S10-Lite-128GB/p/SM-X400NZAREUB?previousPriceSelected=renting,Galaxy Tab S10 Lite WiFi 128GB,,
ES,Santander Boutique,santander_boutique,Samsung,Samsung,tablet,Samsung Galaxy Tab S10 Lite WiFi,128,,financing_max_term,13.57,13.57 EUR,EUR/month,30,True,santander_api_live,api_exact,2026-03-24T16:29:49.650708+00:00,https://boutique.bancosantander.es/es/Cat%C3%A1logo/Electr%C3%B3nica/Tablets/Galaxy-Tab-S10-Lite-128GB/p/SM-X400NZAREUB?previousPriceSelected=renting,Galaxy Tab S10 Lite WiFi 128GB,,
ES,Santander Boutique,santander_boutique,Samsung,Samsung,tablet,Samsung Galaxy Tab S10 Lite WiFi,128,,financing_max_term,15.75,15.75 EUR,EUR/month,24,True,santander_api_live,api_exact,2026-03-24T16:29:49.650708+00:00,https://boutique.bancosantander.es/es/Cat%C3%A1logo/Electr%C3%B3nica/Tablets/Galaxy-Tab-S10-Lite-128GB/p/SM-X400NZAREUB?previousPriceSelected=renting,Galaxy Tab S10 Lite WiFi 128GB,,
ES,Santander Boutique,santander_boutique,Samsung,Samsung,tablet,Samsung Galaxy Tab S10 Lite WiFi,128,,financing_max_term,20.42,20.42 EUR,EUR/month,18,True,santander_api_live,api_exact,2026-03-24T16:29:49.650708+00:00,https://boutique.bancosantander.es/es/Cat%C3%A1logo/Electr%C3%B3nica/Tablets/Galaxy-Tab-S10-Lite-128GB/p/SM-X400NZAREUB?previousPriceSelected=renting,Galaxy Tab S10 Lite WiFi 128GB,,
ES,Santander Boutique,santander_boutique,Samsung,Samsung,tablet,Samsung Galaxy Tab S10 Lite WiFi,128,,financing_max_term,29.92,29.92 EUR,EUR/month,12,True,santander_api_live,api_exact,2026-03-24T16:29:49.650708+00:00,https://boutique.bancosantander.es/es/Cat%C3%A1logo/Electr%C3%B3nica/Tablets/Galaxy-Tab-S10-Lite-128GB/p/SM-X400NZAREUB?previousPriceSelected=renting,Galaxy Tab S10 Lite WiFi 128GB,,
ES,Santander Boutique,santander_boutique,Samsung,Samsung,tablet,Samsung Galaxy Tab S10 Lite WiFi,128,,financing_max_term,59.83,59.83 EUR,EUR/month,6,True,santander_api_live,api_exact,2026-03-24T16:29:49.650708+00:00,https://boutique.bancosantander.es/es/Cat%C3%A1logo/Electr%C3%B3nica/Tablets/Galaxy-Tab-S10-Lite-128GB/p/SM-X400NZAREUB?previousPriceSelected=renting,Galaxy Tab S10 Lite WiFi 128GB,,
ES,Santander Boutique,santander_boutique,Samsung,Samsung,tablet,Samsung Galaxy Tab S10 Lite WiFi,128,,financing_max_term,119.67,119.67 EUR,EUR/month,3,True,santander_api_live,api_exact,2026-03-24T16:29:49.650708+00:00,https://boutique.bancosantander.es/es/Cat%C3%A1logo/Electr%C3%B3nica/Tablets/Galaxy-Tab-S10-Lite-128GB/p/SM-X400NZAREUB?previousPriceSelected=renting,Galaxy Tab S10 Lite WiFi 128GB,,
ES,Santander Boutique,santander_boutique,Samsung,Samsung,tablet,Samsung Galaxy Tab S10 Lite WiFi,128,,cash,359.0,359.00 EUR,EUR,,True,santander_api_live,api_exact,2026-03-24T16:29:49.650708+00:00,https://boutique.bancosantander.es/es/Cat%C3%A1logo/Electr%C3%B3nica/Tablets/Galaxy-Tab-S10-Lite-128GB/p/SM-X400NZAREUB?previousPriceSelected=renting,Galaxy Tab S10 Lite WiFi 128GB,,
ES,Santander Boutique,santander_boutique,Samsung,Samsung,mobile,Samsung Galaxy A17 5G,128,,renting_no_insurance,8.99,8.99 EUR,EUR/month,36,True,santander_api_live,api_exact,2026-03-24T16:29:49.971923+00:00,https://boutique.bancosantander.es/es/Cat%C3%A1logo/Electr%C3%B3nica/M%C3%B3viles/Galaxy-A17-5G/p/SM-A176BZKAEUB?previousPriceSelected=renting,Galaxy A17 5G,,
ES,Santander Boutique,santander_boutique,Samsung,Samsung,tablet,Samsung Galaxy Tab S10 FE Wi-Fi,128,,renting_no_insurance,16.0,16.00 EUR,EUR/month,36,True,santander_api_live,api_exact,2026-03-24T16:29:50.158078+00:00,https://boutique.bancosantander.es/es/Cat%C3%A1logo/Electr%C3%B3nica/Tablets/Galaxy-Tab-S10-FE-Wi-Fi-128GB-Gris/p/SM-X520NZAREUB?previousPriceSelected=renting,Galaxy Tab S10 FE Wi-Fi,,
ES,Santander Boutique,santander_boutique,Samsung,Samsung,tablet,Samsung Galaxy Tab S10 FE Wi-Fi,128,,financing_max_term,16.98,16.98 EUR,EUR/month,30,True,santander_api_live,api_exact,2026-03-24T16:29:50.158078+00:00,https://boutique.bancosantander.es/es/Cat%C3%A1logo/Electr%C3%B3nica/Tablets/Galaxy-Tab-S10-FE-Wi-Fi-128GB-Gris/p/SM-X520NZAREUB?previousPriceSelected=renting,Galaxy Tab S10 FE Wi-Fi,,
ES,Santander Boutique,santander_boutique,Samsung,Samsung,tablet,Samsung Galaxy Tab S10 FE Wi-Fi,128,,financing_max_term,19.7,19.70 EUR,EUR/month,24,True,santander_api_live,api_exact,2026-03-24T16:29:50.158078+00:00,https://boutique.bancosantander.es/es/Cat%C3%A1logo/Electr%C3%B3nica/Tablets/Galaxy-Tab-S10-FE-Wi-Fi-128GB-Gris/p/SM-X520NZAREUB?previousPriceSelected=renting,Galaxy Tab S10 FE Wi-Fi,,
ES,Santander Boutique,santander_boutique,Samsung,Samsung,tablet,Samsung Galaxy Tab S10 FE Wi-Fi,128,,financing_max_term,25.54,25.54 EUR,EUR/month,18,True,santander_api_live,api_exact,2026-03-24T16:29:50.158078+00:00,https://boutique.bancosantander.es/es/Cat%C3%A1logo/Electr%C3%B3nica/Tablets/Galaxy-Tab-S10-FE-Wi-Fi-128GB-Gris/p/SM-X520NZAREUB?previousPriceSelected=renting,Galaxy Tab S10 FE Wi-Fi,,
ES,Santander Boutique,santander_boutique,Samsung,Samsung,tablet,Samsung Galaxy Tab S10 FE Wi-Fi,128,,financing_max_term,37.42,37.42 EUR,EUR/month,12,True,santander_api_live,api_exact,2026-03-24T16:29:50.158078+00:00,https://boutique.bancosantander.es/es/Cat%C3%A1logo/Electr%C3%B3nica/Tablets/Galaxy-Tab-S10-FE-Wi-Fi-128GB-Gris/p/SM-X520NZAREUB?previousPriceSelected=renting,Galaxy Tab S10 FE Wi-Fi,,
ES,Santander Boutique,santander_boutique,Samsung,Samsung,tablet,Samsung Galaxy Tab S10 FE Wi-Fi,128,,financing_max_term,74.83,74.83 EUR,EUR/month,6,True,santander_api_live,api_exact,2026-03-24T16:29:50.158078+00:00,https://boutique.bancosantander.es/es/Cat%C3%A1logo/Electr%C3%B3nica/Tablets/Galaxy-Tab-S10-FE-Wi-Fi-128GB-Gris/p/SM-X520NZAREUB?previousPriceSelected=renting,Galaxy Tab S10 FE Wi-Fi,,
ES,Santander Boutique,santander_boutique,Samsung,Samsung,tablet,Samsung Galaxy Tab S10 FE Wi-Fi,128,,financing_max_term,149.67,149.67 EUR,EUR/month,3,True,santander_api_live,api_exact,2026-03-24T16:29:50.158078+00:00,https://boutique.bancosantander.es/es/Cat%C3%A1logo/Electr%C3%B3nica/Tablets/Galaxy-Tab-S10-FE-Wi-Fi-128GB-Gris/p/SM-X520NZAREUB?previousPriceSelected=renting,Galaxy Tab S10 FE Wi-Fi,,
ES,Santander Boutique,santander_boutique,Samsung,Samsung,tablet,Samsung Galaxy Tab S10 FE Wi-Fi,128,,cash,449.0,449.00 EUR,EUR,,True,santander_api_live,api_exact,2026-03-24T16:29:50.158078+00:00,https://boutique.bancosantander.es/es/Cat%C3%A1logo/Electr%C3%B3nica/Tablets/Galaxy-Tab-S10-FE-Wi-Fi-128GB-Gris/p/SM-X520NZAREUB?previousPriceSelected=renting,Galaxy Tab S10 FE Wi-Fi,,
ES,Santander Boutique,santander_boutique,Samsung,Samsung,mobile,Samsung Galaxy S26 Ultra 5G,256,,renting_no_insurance,36.49,36.49 EUR,EUR/month,36,True,santander_api_live,api_exact,2026-03-24T16:29:50.317144+00:00,https://boutique.bancosantander.es/es/Cat%C3%A1logo/Electr%C3%B3nica/M%C3%B3viles/Galaxy-S26-Ultra-5G/p/SM-S948BZKDEUB?previousPriceSelected=renting,Galaxy S26 Ultra 5G,,
ES,Santander Boutique,santander_boutique,Samsung,Samsung,mobile,Samsung Galaxy S26 Ultra 5G,256,,renting_with_insurance,41.49,41.49 EUR,EUR/month,36,True,santander_api_live,api_exact,2026-03-24T16:29:50.317144+00:00,https://boutique.bancosantander.es/es/Cat%C3%A1logo/Electr%C3%B3nica/M%C3%B3viles/Galaxy-S26-Ultra-5G/p/SM-S948BZKDEUB?previousPriceSelected=renting,Galaxy S26 Ultra 5G,,
ES,Santander Boutique,santander_boutique,Samsung,Samsung,mobile,Samsung Galaxy S26 Ultra 5G,256,,financing_max_term,54.79,54.79 EUR,EUR/month,30,True,santander_api_live,api_exact,2026-03-24T16:29:50.317144+00:00,https://boutique.bancosantander.es/es/Cat%C3%A1logo/Electr%C3%B3nica/M%C3%B3viles/Galaxy-S26-Ultra-5G/p/SM-S948BZKDEUB?previousPriceSelected=renting,Galaxy S26 Ultra 5G,,
ES,Santander Boutique,santander_boutique,Samsung,Samsung,mobile,Samsung Galaxy S26 Ultra 5G,256,,financing_max_term,63.57,63.57 EUR,EUR/month,24,True,santander_api_live,api_exact,2026-03-24T16:29:50.317144+00:00,https://boutique.bancosantander.es/es/Cat%C3%A1logo/Electr%C3%B3nica/M%C3%B3viles/Galaxy-S26-Ultra-5G/p/SM-S948BZKDEUB?previousPriceSelected=renting,Galaxy S26 Ultra 5G,,
ES,Santander Boutique,santander_boutique,Samsung,Samsung,mobile,Samsung Galaxy S26 Ultra 5G,256,,financing_max_term,82.43,82.43 EUR,EUR/month,18,True,santander_api_live,api_exact,2026-03-24T16:29:50.317144+00:00,https://boutique.bancosantander.es/es/Cat%C3%A1logo/Electr%C3%B3nica/M%C3%B3viles/Galaxy-S26-Ultra-5G/p/SM-S948BZKDEUB?previousPriceSelected=renting,Galaxy S26 Ultra 5G,,
ES,Santander Boutique,santander_boutique,Samsung,Samsung,mobile,Samsung Galaxy S26 Ultra 5G,256,,financing_max_term,120.75,120.75 EUR,EUR/month,12,True,santander_api_live,api_exact,2026-03-24T16:29:50.317144+00:00,https://boutique.bancosantander.es/es/Cat%C3%A1logo/Electr%C3%B3nica/M%C3%B3viles/Galaxy-S26-Ultra-5G/p/SM-S948BZKDEUB?previousPriceSelected=renting,Galaxy S26 Ultra 5G,,
ES,Santander Boutique,santander_boutique,Samsung,Samsung,mobile,Samsung Galaxy S26 Ultra 5G,256,,financing_max_term,241.5,241.50 EUR,EUR/month,6,True,santander_api_live,api_exact,2026-03-24T16:29:50.317144+00:00,https://boutique.bancosantander.es/es/Cat%C3%A1logo/Electr%C3%B3nica/M%C3%B3viles/Galaxy-S26-Ultra-5G/p/SM-S948BZKDEUB?previousPriceSelected=renting,Galaxy S26 Ultra 5G,,
ES,Santander Boutique,santander_boutique,Samsung,Samsung,mobile,Samsung Galaxy S26 Ultra 5G,256,,financing_max_term,483.0,483.00 EUR,EUR/month,3,True,santander_api_live,api_exact,2026-03-24T16:29:50.317144+00:00,https://boutique.bancosantander.es/es/Cat%C3%A1logo/Electr%C3%B3nica/M%C3%B3viles/Galaxy-S26-Ultra-5G/p/SM-S948BZKDEUB?previousPriceSelected=renting,Galaxy S26 Ultra 5G,,
ES,Santander Boutique,santander_boutique,Samsung,Samsung,mobile,Samsung Galaxy S26 Ultra 5G,256,,cash,1449.0,1449.00 EUR,EUR,,True,santander_api_live,api_exact,2026-03-24T16:29:50.317144+00:00,https://boutique.bancosantander.es/es/Cat%C3%A1logo/Electr%C3%B3nica/M%C3%B3viles/Galaxy-S26-Ultra-5G/p/SM-S948BZKDEUB?previousPriceSelected=renting,Galaxy S26 Ultra 5G,,
ES,Santander Boutique,santander_boutique,Samsung,Samsung,mobile,Samsung Galaxy S26 Ultra 5G,512,,financing_max_term,58.57,58.57 EUR,EUR/month,30,True,santander_api_live,api_exact,2026-03-24T16:29:51.885008+00:00,https://boutique.bancosantander.es/es/Cat%C3%A1logo/Electr%C3%B3nica/M%C3%B3viles/Galaxy-S26-Ultra-5G/p/SM-S948BZKGEEB?previousPriceSelected=renting,Galaxy S26 Ultra 5G,,
ES,Santander Boutique,santander_boutique,Samsung,Samsung,mobile,Samsung Galaxy S26 Ultra 5G,512,,financing_max_term,67.96,67.96 EUR,EUR/month,24,True,santander_api_live,api_exact,2026-03-24T16:29:51.885008+00:00,https://boutique.bancosantander.es/es/Cat%C3%A1logo/Electr%C3%B3nica/M%C3%B3viles/Galaxy-S26-Ultra-5G/p/SM-S948BZKGEEB?previousPriceSelected=renting,Galaxy S26 Ultra 5G,,
ES,Santander Boutique,santander_boutique,Samsung,Samsung,mobile,Samsung Galaxy S26 Ultra 5G,512,,financing_max_term,88.11,88.11 EUR,EUR/month,18,True,santander_api_live,api_exact,2026-03-24T16:29:51.885008+00:00,https://boutique.bancosantander.es/es/Cat%C3%A1logo/Electr%C3%B3nica/M%C3%B3viles/Galaxy-S26-Ultra-5G/p/SM-S948BZKGEEB?previousPriceSelected=renting,Galaxy S26 Ultra 5G,,
ES,Santander Boutique,santander_boutique,Samsung,Samsung,mobile,Samsung Galaxy S26 Ultra 5G,512,,financing_max_term,129.08,129.08 EUR,EUR/month,12,True,santander_api_live,api_exact,2026-03-24T16:29:51.885008+00:00,https://boutique.bancosantander.es/es/Cat%C3%A1logo/Electr%C3%B3nica/M%C3%B3viles/Galaxy-S26-Ultra-5G/p/SM-S948BZKGEEB?previousPriceSelected=renting,Galaxy S26 Ultra 5G,,
ES,Santander Boutique,santander_boutique,Samsung,Samsung,mobile,Samsung Galaxy S26 Ultra 5G,512,,financing_max_term,258.17,258.17 EUR,EUR/month,6,True,santander_api_live,api_exact,2026-03-24T16:29:51.885008+00:00,https://boutique.bancosantander.es/es/Cat%C3%A1logo/Electr%C3%B3nica/M%C3%B3viles/Galaxy-S26-Ultra-5G/p/SM-S948BZKGEEB?previousPriceSelected=renting,Galaxy S26 Ultra 5G,,
ES,Santander Boutique,santander_boutique,Samsung,Samsung,mobile,Samsung Galaxy S26 Ultra 5G,512,,financing_max_term,516.33,516.33 EUR,EUR/month,3,True,santander_api_live,api_exact,2026-03-24T16:29:51.885008+00:00,https://boutique.bancosantander.es/es/Cat%C3%A1logo/Electr%C3%B3nica/M%C3%B3viles/Galaxy-S26-Ultra-5G/p/SM-S948BZKGEEB?previousPriceSelected=renting,Galaxy S26 Ultra 5G,,
ES,Santander Boutique,santander_boutique,Samsung,Samsung,mobile,Samsung Galaxy S26 Ultra 5G,512,,cash,1549.0,1549.00 EUR,EUR,,True,santander_api_live,api_exact,2026-03-24T16:29:51.885008+00:00,https://boutique.bancosantander.es/es/Cat%C3%A1logo/Electr%C3%B3nica/M%C3%B3viles/Galaxy-S26-Ultra-5G/p/SM-S948BZKGEEB?previousPriceSelected=renting,Galaxy S26 Ultra 5G,,
ES,Santander Boutique,santander_boutique,Samsung,Samsung,mobile,Samsung Galaxy S26 Ultra 5G,1024,,financing_max_term,68.02,68.02 EUR,EUR/month,30,True,santander_api_live,api_exact,2026-03-24T16:29:53.718591+00:00,https://boutique.bancosantander.es/es/Cat%C3%A1logo/Electr%C3%B3nica/M%C3%B3viles/Galaxy-S26-Ultra-5G/p/SM-S948BZKHEUB?previousPriceSelected=renting,Galaxy S26 Ultra 5G,,
ES,Santander Boutique,santander_boutique,Samsung,Samsung,mobile,Samsung Galaxy S26 Ultra 5G,1024,,financing_max_term,78.92,78.92 EUR,EUR/month,24,True,santander_api_live,api_exact,2026-03-24T16:29:53.718591+00:00,https://boutique.bancosantander.es/es/Cat%C3%A1logo/Electr%C3%B3nica/M%C3%B3viles/Galaxy-S26-Ultra-5G/p/SM-S948BZKHEUB?previousPriceSelected=renting,Galaxy S26 Ultra 5G,,
ES,Santander Boutique,santander_boutique,Samsung,Samsung,mobile,Samsung Galaxy S26 Ultra 5G,1024,,financing_max_term,102.33,102.33 EUR,EUR/month,18,True,santander_api_live,api_exact,2026-03-24T16:29:53.718591+00:00,https://boutique.bancosantander.es/es/Cat%C3%A1logo/Electr%C3%B3nica/M%C3%B3viles/Galaxy-S26-Ultra-5G/p/SM-S948BZKHEUB?previousPriceSelected=renting,Galaxy S26 Ultra 5G,,
ES,Santander Boutique,santander_boutique,Samsung,Samsung,mobile,Samsung Galaxy S26 Ultra 5G,1024,,financing_max_term,149.92,149.92 EUR,EUR/month,12,True,santander_api_live,api_exact,2026-03-24T16:29:53.718591+00:00,https://boutique.bancosantander.es/es/Cat%C3%A1logo/Electr%C3%B3nica/M%C3%B3viles/Galaxy-S26-Ultra-5G/p/SM-S948BZKHEUB?previousPriceSelected=renting,Galaxy S26 Ultra 5G,,
ES,Santander Boutique,santander_boutique,Samsung,Samsung,mobile,Samsung Galaxy S26 Ultra 5G,1024,,financing_max_term,299.83,299.83 EUR,EUR/month,6,True,santander_api_live,api_exact,2026-03-24T16:29:53.718591+00:00,https://boutique.bancosantander.es/es/Cat%C3%A1logo/Electr%C3%B3nica/M%C3%B3viles/Galaxy-S26-Ultra-5G/p/SM-S948BZKHEUB?previousPriceSelected=renting,Galaxy S26 Ultra 5G,,
ES,Santander Boutique,santander_boutique,Samsung,Samsung,mobile,Samsung Galaxy S26 Ultra 5G,1024,,financing_max_term,599.67,599.67 EUR,EUR/month,3,True,santander_api_live,api_exact,2026-03-24T16:29:53.718591+00:00,https://boutique.bancosantander.es/es/Cat%C3%A1logo/Electr%C3%B3nica/M%C3%B3viles/Galaxy-S26-Ultra-5G/p/SM-S948BZKHEUB?previousPriceSelected=renting,Galaxy S26 Ultra 5G,,
ES,Santander Boutique,santander_boutique,Samsung,Samsung,mobile,Samsung Galaxy S26 Ultra 5G,1024,,cash,1799.0,1799.00 EUR,EUR,,True,santander_api_live,api_exact,2026-03-24T16:29:53.718591+00:00,https://boutique.bancosantander.es/es/Cat%C3%A1logo/Electr%C3%B3nica/M%C3%B3viles/Galaxy-S26-Ultra-5G/p/SM-S948BZKHEUB?previousPriceSelected=renting,Galaxy S26 Ultra 5G,,
ES,Santander Boutique,santander_boutique,Samsung,Samsung,mobile,Samsung Galaxy S26 Ultra 5G,1024,,renting_no_insurance,24.99,"24,99 â‚¬",EUR/month,36,True,santander_api_live,api_exact,2026-03-24T16:29:53.718591+00:00,https://boutique.bancosantander.es/es/Cat%C3%A1logo/Electr%C3%B3nica/M%C3%B3viles/Galaxy-S26-Ultra-5G/p/SM-S948BZKHEUB?previousPriceSelected=renting,Galaxy S26 Ultra 5G,,
ES,Santander Boutique,santander_boutique,Samsung,Samsung,mobile,Samsung Galaxy Z Flip 7,256,,renting_no_insurance,30.99,30.99 EUR,EUR/month,36,True,santander_api_live,api_exact,2026-03-24T16:29:54.249812+00:00,https://boutique.bancosantander.es/es/Cat%C3%A1logo/Electr%C3%B3nica/M%C3%B3viles/Galaxy-Z-Flip-7/p/SM-F766BZKGEUB?previousPriceSelected=renting,Galaxy Z Flip 7,,
ES,Santander Boutique,santander_boutique,Samsung,Samsung,mobile,Samsung Galaxy Z Flip 7,256,,renting_with_insurance,33.0,33.00 EUR,EUR/month,36,True,santander_api_live,api_exact,2026-03-24T16:29:54.249812+00:00,https://boutique.bancosantander.es/es/Cat%C3%A1logo/Electr%C3%B3nica/M%C3%B3viles/Galaxy-Z-Flip-7/p/SM-F766BZKGEUB?previousPriceSelected=renting,Galaxy Z Flip 7,,
ES,Santander Boutique,santander_boutique,Samsung,Samsung,mobile,Samsung Galaxy Z Flip 7,256,,financing_max_term,38.15,38.15 EUR,EUR/month,30,True,santander_api_live,api_exact,2026-03-24T16:29:54.249812+00:00,https://boutique.bancosantander.es/es/Cat%C3%A1logo/Electr%C3%B3nica/M%C3%B3viles/Galaxy-Z-Flip-7/p/SM-F766BZKGEUB?previousPriceSelected=renting,Galaxy Z Flip 7,,
ES,Santander Boutique,santander_boutique,Samsung,Samsung,mobile,Samsung Galaxy Z Flip 7,256,,financing_max_term,44.27,44.27 EUR,EUR/month,24,True,santander_api_live,api_exact,2026-03-24T16:29:54.249812+00:00,https://boutique.bancosantander.es/es/Cat%C3%A1logo/Electr%C3%B3nica/M%C3%B3viles/Galaxy-Z-Flip-7/p/SM-F766BZKGEUB?previousPriceSelected=renting,Galaxy Z Flip 7,,
ES,Santander Boutique,santander_boutique,Samsung,Samsung,mobile,Samsung Galaxy Z Flip 7,256,,financing_max_term,57.4,57.40 EUR,EUR/month,18,True,santander_api_live,api_exact,2026-03-24T16:29:54.249812+00:00,https://boutique.bancosantander.es/es/Cat%C3%A1logo/Electr%C3%B3nica/M%C3%B3viles/Galaxy-Z-Flip-7/p/SM-F766BZKGEUB?previousPriceSelected=renting,Galaxy Z Flip 7,,
ES,Santander Boutique,santander_boutique,Samsung,Samsung,mobile,Samsung Galaxy Z Flip 7,256,,financing_max_term,84.08,84.08 EUR,EUR/month,12,True,santander_api_live,api_exact,2026-03-24T16:29:54.249812+00:00,https://boutique.bancosantander.es/es/Cat%C3%A1logo/Electr%C3%B3nica/M%C3%B3viles/Galaxy-Z-Flip-7/p/SM-F766BZKGEUB?previousPriceSelected=renting,Galaxy Z Flip 7,,
ES,Santander Boutique,santander_boutique,Samsung,Samsung,mobile,Samsung Galaxy Z Flip 7,256,,financing_max_term,168.17,168.17 EUR,EUR/month,6,True,santander_api_live,api_exact,2026-03-24T16:29:54.249812+00:00,https://boutique.bancosantander.es/es/Cat%C3%A1logo/Electr%C3%B3nica/M%C3%B3viles/Galaxy-Z-Flip-7/p/SM-F766BZKGEUB?previousPriceSelected=renting,Galaxy Z Flip 7,,
ES,Santander Boutique,santander_boutique,Samsung,Samsung,mobile,Samsung Galaxy Z Flip 7,256,,financing_max_term,336.33,336.33 EUR,EUR/month,3,True,santander_api_live,api_exact,2026-03-24T16:29:54.249812+00:00,https://boutique.bancosantander.es/es/Cat%C3%A1logo/Electr%C3%B3nica/M%C3%B3viles/Galaxy-Z-Flip-7/p/SM-F766BZKGEUB?previousPriceSelected=renting,Galaxy Z Flip 7,,
ES,Santander Boutique,santander_boutique,Samsung,Samsung,mobile,Samsung Galaxy Z Flip 7,256,,cash,1009.0,1009.00 EUR,EUR,,True,santander_api_live,api_exact,2026-03-24T16:29:54.249812+00:00,https://boutique.bancosantander.es/es/Cat%C3%A1logo/Electr%C3%B3nica/M%C3%B3viles/Galaxy-Z-Flip-7/p/SM-F766BZKGEUB?previousPriceSelected=renting,Galaxy Z Flip 7,,
ES,Media Markt,media_markt,Samsung,Samsung,mobile,Samsung Galaxy S25,256,,cash,989.0,989.00 €,EUR,,True,mediamarkt_adapter_live,embedded_json_exact,2026-03-24T16:30:23.163263+00:00,https://www.mediamarkt.es/es/product/_movil-samsung-galaxy-s25-navy-256-gb-12-gb-ram-62-fhd-con-ia-snapdragon-8-4000-mah-android-15-1592041.html,"Móvil | Samsung Galaxy S25, Navy, 256 GB, 12 GB RAM, 6.2"" FHD+ con IA , Snapdragon 8, 4000 mAh, Android 15 | MediaMarkt",,
ES,Media Markt,media_markt,Samsung,Samsung,mobile,Samsung Galaxy S25,256,,financing_max_term,69.67,"69,67 â‚¬",EUR/month,14,True,mediamarkt_adapter_live,visible_dom,2026-03-24T16:30:23.163263+00:00,https://www.mediamarkt.es/es/product/_movil-samsung-galaxy-s25-navy-256-gb-12-gb-ram-62-fhd-con-ia-snapdragon-8-4000-mah-android-15-1592041.html,"Móvil | Samsung Galaxy S25, Navy, 256 GB, 12 GB RAM, 6.2"" FHD+ con IA , Snapdragon 8, 4000 mAh, Android 15 | MediaMarkt",,
ES,Media Markt,media_markt,Samsung,Samsung,mobile,Samsung Galaxy S25,256,,financing_max_term,298.86,"298,86 â‚¬",EUR/month,3,True,mediamarkt_adapter_live,visible_dom,2026-03-24T16:30:23.163263+00:00,https://www.mediamarkt.es/es/product/_movil-samsung-galaxy-s25-navy-256-gb-12-gb-ram-62-fhd-con-ia-snapdragon-8-4000-mah-android-15-1592041.html,"Móvil | Samsung Galaxy S25, Navy, 256 GB, 12 GB RAM, 6.2"" FHD+ con IA , Snapdragon 8, 4000 mAh, Android 15 | MediaMarkt",,
ES,Media Markt,media_markt,Samsung,Samsung,mobile,Samsung Galaxy S25,256,,financing_max_term,152.94,"152,94 â‚¬",EUR/month,6,True,mediamarkt_adapter_live,visible_dom,2026-03-24T16:30:23.163263+00:00,https://www.mediamarkt.es/es/product/_movil-samsung-galaxy-s25-navy-256-gb-12-gb-ram-62-fhd-con-ia-snapdragon-8-4000-mah-android-15-1592041.html,"Móvil | Samsung Galaxy S25, Navy, 256 GB, 12 GB RAM, 6.2"" FHD+ con IA , Snapdragon 8, 4000 mAh, Android 15 | MediaMarkt",,
ES,Media Markt,media_markt,Samsung,Samsung,mobile,Samsung Galaxy S25,256,,financing_max_term,94.62,"94,62 â‚¬",EUR/month,10,True,mediamarkt_adapter_live,visible_dom,2026-03-24T16:30:23.163263+00:00,https://www.mediamarkt.es/es/product/_movil-samsung-galaxy-s25-navy-256-gb-12-gb-ram-62-fhd-con-ia-snapdragon-8-4000-mah-android-15-1592041.html,"Móvil | Samsung Galaxy S25, Navy, 256 GB, 12 GB RAM, 6.2"" FHD+ con IA , Snapdragon 8, 4000 mAh, Android 15 | MediaMarkt",,
ES,Media Markt,media_markt,Samsung,Samsung,mobile,Samsung Galaxy S25,256,,financing_max_term,80.06,"80,06 â‚¬",EUR/month,12,True,mediamarkt_adapter_live,visible_dom,2026-03-24T16:30:23.163263+00:00,https://www.mediamarkt.es/es/product/_movil-samsung-galaxy-s25-navy-256-gb-12-gb-ram-62-fhd-con-ia-snapdragon-8-4000-mah-android-15-1592041.html,"Móvil | Samsung Galaxy S25, Navy, 256 GB, 12 GB RAM, 6.2"" FHD+ con IA , Snapdragon 8, 4000 mAh, Android 15 | MediaMarkt",,
ES,Media Markt,media_markt,Samsung,Samsung,mobile,Samsung Galaxy S25,256,,financing_max_term,55.84,"55,84 â‚¬",EUR/month,18,True,mediamarkt_adapter_live,visible_dom,2026-03-24T16:30:23.163263+00:00,https://www.mediamarkt.es/es/product/_movil-samsung-galaxy-s25-navy-256-gb-12-gb-ram-62-fhd-con-ia-snapdragon-8-4000-mah-android-15-1592041.html,"Móvil | Samsung Galaxy S25, Navy, 256 GB, 12 GB RAM, 6.2"" FHD+ con IA , Snapdragon 8, 4000 mAh, Android 15 | MediaMarkt",,
ES,Media Markt,media_markt,Samsung,Samsung,mobile,Samsung Galaxy S25,256,,financing_max_term,51.01,"51,01 â‚¬",EUR/month,20,True,mediamarkt_adapter_live,visible_dom,2026-03-24T16:30:23.163263+00:00,https://www.mediamarkt.es/es/product/_movil-samsung-galaxy-s25-navy-256-gb-12-gb-ram-62-fhd-con-ia-snapdragon-8-4000-mah-android-15-1592041.html,"Móvil | Samsung Galaxy S25, Navy, 256 GB, 12 GB RAM, 6.2"" FHD+ con IA , Snapdragon 8, 4000 mAh, Android 15 | MediaMarkt",,
ES,Media Markt,media_markt,Samsung,Samsung,mobile,Samsung Galaxy S25,256,,financing_max_term,43.78,"43,78 â‚¬",EUR/month,24,True,mediamarkt_adapter_live,visible_dom,2026-03-24T16:30:23.163263+00:00,https://www.mediamarkt.es/es/product/_movil-samsung-galaxy-s25-navy-256-gb-12-gb-ram-62-fhd-con-ia-snapdragon-8-4000-mah-android-15-1592041.html,"Móvil | Samsung Galaxy S25, Navy, 256 GB, 12 GB RAM, 6.2"" FHD+ con IA , Snapdragon 8, 4000 mAh, Android 15 | MediaMarkt",,
ES,Media Markt,media_markt,Samsung,Samsung,mobile,Samsung Galaxy S25,256,,financing_max_term,36.59,"36,59 â‚¬",EUR/month,30,True,mediamarkt_adapter_live,visible_dom,2026-03-24T16:30:23.163263+00:00,https://www.mediamarkt.es/es/product/_movil-samsung-galaxy-s25-navy-256-gb-12-gb-ram-62-fhd-con-ia-snapdragon-8-4000-mah-android-15-1592041.html,"Móvil | Samsung Galaxy S25, Navy, 256 GB, 12 GB RAM, 6.2"" FHD+ con IA , Snapdragon 8, 4000 mAh, Android 15 | MediaMarkt",,
ES,Media Markt,media_markt,Samsung,Samsung,tablet,Samsung Galaxy Tab A11+ Wifi,128,,cash,234.0,234.00 €,EUR,,True,mediamarkt_adapter_live,embedded_json_exact,2026-03-24T16:30:39.594683+00:00,https://www.mediamarkt.es/es/product/_tablet-samsung-galaxy-tab-a11-11-wuxga-6-gb-ram-128-gb-gris-1610710.html,"Tablet | Samsung Galaxy Tab A11+ 11"" WUXGA, 6 GB RAM, 128 GB, Gris",,
ES,Media Markt,media_markt,Samsung,Samsung,tablet,Samsung Galaxy Tab A11+ Wifi,128,,financing_max_term,35.02,"35,02 â‚¬",EUR/month,6,True,mediamarkt_adapter_live,visible_dom,2026-03-24T16:30:39.594683+00:00,https://www.mediamarkt.es/es/product/_tablet-samsung-galaxy-tab-a11-11-wuxga-6-gb-ram-128-gb-gris-1610710.html,"Tablet | Samsung Galaxy Tab A11+ 11"" WUXGA, 6 GB RAM, 128 GB, Gris",,
ES,Media Markt,media_markt,Samsung,Samsung,tablet,Samsung Galaxy Tab A11+ Wifi,128,,financing_max_term,68.44,"68,44 â‚¬",EUR/month,3,True,mediamarkt_adapter_live,visible_dom,2026-03-24T16:30:39.594683+00:00,https://www.mediamarkt.es/es/product/_tablet-samsung-galaxy-tab-a11-11-wuxga-6-gb-ram-128-gb-gris-1610710.html,"Tablet | Samsung Galaxy Tab A11+ 11"" WUXGA, 6 GB RAM, 128 GB, Gris",,
ES,Media Markt,media_markt,Samsung,Samsung,tablet,Samsung Galaxy Tab A11+ Wifi,128,,financing_max_term,21.67,"21,67 â‚¬",EUR/month,10,True,mediamarkt_adapter_live,visible_dom,2026-03-24T16:30:39.594683+00:00,https://www.mediamarkt.es/es/product/_tablet-samsung-galaxy-tab-a11-11-wuxga-6-gb-ram-128-gb-gris-1610710.html,"Tablet | Samsung Galaxy Tab A11+ 11"" WUXGA, 6 GB RAM, 128 GB, Gris",,
ES,Media Markt,media_markt,Samsung,Samsung,tablet,Samsung Galaxy Tab A11+ Wifi,128,,financing_max_term,18.33,"18,33 â‚¬",EUR/month,12,True,mediamarkt_adapter_live,visible_dom,2026-03-24T16:30:39.594683+00:00,https://www.mediamarkt.es/es/product/_tablet-samsung-galaxy-tab-a11-11-wuxga-6-gb-ram-128-gb-gris-1610710.html,"Tablet | Samsung Galaxy Tab A11+ 11"" WUXGA, 6 GB RAM, 128 GB, Gris",,
ES,Media Markt,media_markt,Samsung,Samsung,tablet,Samsung Galaxy Tab A11+ Wifi,128,,financing_max_term,15.95,"15,95 â‚¬",EUR/month,14,True,mediamarkt_adapter_live,visible_dom,2026-03-24T16:30:39.594683+00:00,https://www.mediamarkt.es/es/product/_tablet-samsung-galaxy-tab-a11-11-wuxga-6-gb-ram-128-gb-gris-1610710.html,"Tablet | Samsung Galaxy Tab A11+ 11"" WUXGA, 6 GB RAM, 128 GB, Gris",,
ES,Media Markt,media_markt,Samsung,Samsung,tablet,Samsung Galaxy Tab A11+ Wifi,128,,financing_max_term,12.79,"12,79 â‚¬",EUR/month,18,True,mediamarkt_adapter_live,visible_dom,2026-03-24T16:30:39.594683+00:00,https://www.mediamarkt.es/es/product/_tablet-samsung-galaxy-tab-a11-11-wuxga-6-gb-ram-128-gb-gris-1610710.html,"Tablet | Samsung Galaxy Tab A11+ 11"" WUXGA, 6 GB RAM, 128 GB, Gris",,
ES,Media Markt,media_markt,Samsung,Samsung,tablet,Samsung Galaxy Tab A11+ Wifi,128,,financing_max_term,11.68,"11,68 â‚¬",EUR/month,20,True,mediamarkt_adapter_live,visible_dom,2026-03-24T16:30:39.594683+00:00,https://www.mediamarkt.es/es/product/_tablet-samsung-galaxy-tab-a11-11-wuxga-6-gb-ram-128-gb-gris-1610710.html,"Tablet | Samsung Galaxy Tab A11+ 11"" WUXGA, 6 GB RAM, 128 GB, Gris",,
ES,Media Markt,media_markt,Samsung,Samsung,laptop,Samsung Galaxy Book4 15,512,,cash,599.0,599.00 €,EUR,,True,mediamarkt_adapter_live,embedded_json_exact,2026-03-24T16:30:54.239346+00:00,https://www.mediamarkt.es/es/product/_portatil-samsung-galaxy-book4-156-fhd-intelr-coretm-5-120u-16gb-ram-512gb-ssd-intelr-graphics-w11h-gris-1578835.html,"Portátil | Samsung Galaxy Book4, 15.6"" FHD, Intel® Core™ i5-1335U, 16GB RAM, 512GB SSD, Intel® Graphics, W11H, Gris",,
ES,Media Markt,media_markt,Samsung,Samsung,laptop,Samsung Galaxy Book4 15,512,,financing_max_term,55.19,"55,19 â‚¬",EUR/month,12,True,mediamarkt_adapter_live,visible_dom,2026-03-24T16:30:54.239346+00:00,https://www.mediamarkt.es/es/product/_portatil-samsung-galaxy-book4-156-fhd-intelr-coretm-5-120u-16gb-ram-512gb-ssd-intelr-graphics-w11h-gris-1578835.html,"Portátil | Samsung Galaxy Book4, 15.6"" FHD, Intel® Core™ i5-1335U, 16GB RAM, 512GB SSD, Intel® Graphics, W11H, Gris",,
ES,Media Markt,media_markt,Samsung,Samsung,laptop,Samsung Galaxy Book4 15,512,,financing_max_term,206.01,"206,01 â‚¬",EUR/month,3,True,mediamarkt_adapter_live,visible_dom,2026-03-24T16:30:54.239346+00:00,https://www.mediamarkt.es/es/product/_portatil-samsung-galaxy-book4-156-fhd-intelr-coretm-5-120u-16gb-ram-512gb-ssd-intelr-graphics-w11h-gris-1578835.html,"Portátil | Samsung Galaxy Book4, 15.6"" FHD, Intel® Core™ i5-1335U, 16GB RAM, 512GB SSD, Intel® Graphics, W11H, Gris",,
ES,Media Markt,media_markt,Samsung,Samsung,laptop,Samsung Galaxy Book4 15,512,,financing_max_term,105.42,"105,42 â‚¬",EUR/month,6,True,mediamarkt_adapter_live,visible_dom,2026-03-24T16:30:54.239346+00:00,https://www.mediamarkt.es/es/product/_portatil-samsung-galaxy-book4-156-fhd-intelr-coretm-5-120u-16gb-ram-512gb-ssd-intelr-graphics-w11h-gris-1578835.html,"Portátil | Samsung Galaxy Book4, 15.6"" FHD, Intel® Core™ i5-1335U, 16GB RAM, 512GB SSD, Intel® Graphics, W11H, Gris",,
ES,Media Markt,media_markt,Samsung,Samsung,laptop,Samsung Galaxy Book4 15,512,,financing_max_term,65.22,"65,22 â‚¬",EUR/month,10,True,mediamarkt_adapter_live,visible_dom,2026-03-24T16:30:54.239346+00:00,https://www.mediamarkt.es/es/product/_portatil-samsung-galaxy-book4-156-fhd-intelr-coretm-5-120u-16gb-ram-512gb-ssd-intelr-graphics-w11h-gris-1578835.html,"Portátil | Samsung Galaxy Book4, 15.6"" FHD, Intel® Core™ i5-1335U, 16GB RAM, 512GB SSD, Intel® Graphics, W11H, Gris",,
ES,Media Markt,media_markt,Samsung,Samsung,laptop,Samsung Galaxy Book4 15,512,,financing_max_term,48.03,"48,03 â‚¬",EUR/month,14,True,mediamarkt_adapter_live,visible_dom,2026-03-24T16:30:54.239346+00:00,https://www.mediamarkt.es/es/product/_portatil-samsung-galaxy-book4-156-fhd-intelr-coretm-5-120u-16gb-ram-512gb-ssd-intelr-graphics-w11h-gris-1578835.html,"Portátil | Samsung Galaxy Book4, 15.6"" FHD, Intel® Core™ i5-1335U, 16GB RAM, 512GB SSD, Intel® Graphics, W11H, Gris",,
ES,Media Markt,media_markt,Samsung,Samsung,laptop,Samsung Galaxy Book4 15,512,,financing_max_term,38.49,"38,49 â‚¬",EUR/month,18,True,mediamarkt_adapter_live,visible_dom,2026-03-24T16:30:54.239346+00:00,https://www.mediamarkt.es/es/product/_portatil-samsung-galaxy-book4-156-fhd-intelr-coretm-5-120u-16gb-ram-512gb-ssd-intelr-graphics-w11h-gris-1578835.html,"Portátil | Samsung Galaxy Book4, 15.6"" FHD, Intel® Core™ i5-1335U, 16GB RAM, 512GB SSD, Intel® Graphics, W11H, Gris",,
ES,Media Markt,media_markt,Samsung,Samsung,laptop,Samsung Galaxy Book4 15,512,,financing_max_term,35.16,"35,16 â‚¬",EUR/month,20,True,mediamarkt_adapter_live,visible_dom,2026-03-24T16:30:54.239346+00:00,https://www.mediamarkt.es/es/product/_portatil-samsung-galaxy-book4-156-fhd-intelr-coretm-5-120u-16gb-ram-512gb-ssd-intelr-graphics-w11h-gris-1578835.html,"Portátil | Samsung Galaxy Book4, 15.6"" FHD, Intel® Core™ i5-1335U, 16GB RAM, 512GB SSD, Intel® Graphics, W11H, Gris",,
ES,Media Markt,media_markt,Samsung,Samsung,laptop,Samsung Galaxy Book4 15,512,,financing_max_term,30.18,"30,18 â‚¬",EUR/month,24,True,mediamarkt_adapter_live,visible_dom,2026-03-24T16:30:54.239346+00:00,https://www.mediamarkt.es/es/product/_portatil-samsung-galaxy-book4-156-fhd-intelr-coretm-5-120u-16gb-ram-512gb-ssd-intelr-graphics-w11h-gris-1578835.html,"Portátil | Samsung Galaxy Book4, 15.6"" FHD, Intel® Core™ i5-1335U, 16GB RAM, 512GB SSD, Intel® Graphics, W11H, Gris",,
ES,Media Markt,media_markt,Samsung,Samsung,laptop,Samsung Galaxy Book4 15,512,,financing_max_term,25.22,"25,22 â‚¬",EUR/month,30,True,mediamarkt_adapter_live,visible_dom,2026-03-24T16:30:54.239346+00:00,https://www.mediamarkt.es/es/product/_portatil-samsung-galaxy-book4-156-fhd-intelr-coretm-5-120u-16gb-ram-512gb-ssd-intelr-graphics-w11h-gris-1578835.html,"Portátil | Samsung Galaxy Book4, 15.6"" FHD, Intel® Core™ i5-1335U, 16GB RAM, 512GB SSD, Intel® Graphics, W11H, Gris",,
ES,Media Markt,media_markt,Samsung,Samsung,mobile,Samsung Galaxy S26 5G,256,,cash,1199.0,1199.00 €,EUR,,True,mediamarkt_adapter_live,embedded_json_exact,2026-03-24T16:31:10.515244+00:00,https://www.mediamarkt.es/es/product/_movil-samsung-galaxy-s26-negro-256-gb-12-gb-ram-63-fhd-exynos-2600-4300-mah-android-16-1620261.html,"Móvil | Samsung Galaxy S26, Negro, 256 GB, 12 GB RAM , 6.3"" FHD+, Exynos 2600, 4300 mAh, Android 16 | MediaMarkt",,
ES,Media Markt,media_markt,Samsung,Samsung,mobile,Samsung Galaxy S26 5G,256,,financing_max_term,55.5,"55,50 â‚¬",EUR/month,18,True,mediamarkt_adapter_live,visible_dom,2026-03-24T16:31:10.515244+00:00,https://www.mediamarkt.es/es/product/_movil-samsung-galaxy-s26-negro-256-gb-12-gb-ram-63-fhd-exynos-2600-4300-mah-android-16-1620261.html,"Móvil | Samsung Galaxy S26, Negro, 256 GB, 12 GB RAM , 6.3"" FHD+, Exynos 2600, 4300 mAh, Android 16 | MediaMarkt",,
ES,Media Markt,media_markt,Samsung,Samsung,mobile,Samsung Galaxy S26 5G,256,,financing_max_term,166.5,"166,50 â‚¬",EUR/month,6,True,mediamarkt_adapter_live,visible_dom,2026-03-24T16:31:10.515244+00:00,https://www.mediamarkt.es/es/product/_movil-samsung-galaxy-s26-negro-256-gb-12-gb-ram-63-fhd-exynos-2600-4300-mah-android-16-1620261.html,"Móvil | Samsung Galaxy S26, Negro, 256 GB, 12 GB RAM , 6.3"" FHD+, Exynos 2600, 4300 mAh, Android 16 | MediaMarkt",,
ES,Media Markt,media_markt,Samsung,Samsung,mobile,Samsung Galaxy S26 5G,256,,financing_max_term,99.9,"99,90 â‚¬",EUR/month,10,True,mediamarkt_adapter_live,visible_dom,2026-03-24T16:31:10.515244+00:00,https://www.mediamarkt.es/es/product/_movil-samsung-galaxy-s26-negro-256-gb-12-gb-ram-63-fhd-exynos-2600-4300-mah-android-16-1620261.html,"Móvil | Samsung Galaxy S26, Negro, 256 GB, 12 GB RAM , 6.3"" FHD+, Exynos 2600, 4300 mAh, Android 16 | MediaMarkt",,
ES,Media Markt,media_markt,Samsung,Samsung,mobile,Samsung Galaxy S26 5G,256,,financing_max_term,83.25,"83,25 â‚¬",EUR/month,12,True,mediamarkt_adapter_live,visible_dom,2026-03-24T16:31:10.515244+00:00,https://www.mediamarkt.es/es/product/_movil-samsung-galaxy-s26-negro-256-gb-12-gb-ram-63-fhd-exynos-2600-4300-mah-android-16-1620261.html,"Móvil | Samsung Galaxy S26, Negro, 256 GB, 12 GB RAM , 6.3"" FHD+, Exynos 2600, 4300 mAh, Android 16 | MediaMarkt",,
ES,Media Markt,media_markt,Samsung,Samsung,mobile,Samsung Galaxy S26 5G,256,,financing_max_term,49.95,"49,95 â‚¬",EUR/month,20,True,mediamarkt_adapter_live,visible_dom,2026-03-24T16:31:10.515244+00:00,https://www.mediamarkt.es/es/product/_movil-samsung-galaxy-s26-negro-256-gb-12-gb-ram-63-fhd-exynos-2600-4300-mah-android-16-1620261.html,"Móvil | Samsung Galaxy S26, Negro, 256 GB, 12 GB RAM , 6.3"" FHD+, Exynos 2600, 4300 mAh, Android 16 | MediaMarkt",,
ES,Media Markt,media_markt,Samsung,Samsung,mobile,Samsung Galaxy S26 5G,256,,financing_max_term,41.63,"41,63 â‚¬",EUR/month,24,True,mediamarkt_adapter_live,visible_dom,2026-03-24T16:31:10.515244+00:00,https://www.mediamarkt.es/es/product/_movil-samsung-galaxy-s26-negro-256-gb-12-gb-ram-63-fhd-exynos-2600-4300-mah-android-16-1620261.html,"Móvil | Samsung Galaxy S26, Negro, 256 GB, 12 GB RAM , 6.3"" FHD+, Exynos 2600, 4300 mAh, Android 16 | MediaMarkt",,
ES,Media Markt,media_markt,Samsung,Samsung,mobile,Samsung Galaxy S26 5G,256,,financing_max_term,27.75,"27,75 â‚¬",EUR/month,36,True,mediamarkt_adapter_live,visible_dom,2026-03-24T16:31:10.515244+00:00,https://www.mediamarkt.es/es/product/_movil-samsung-galaxy-s26-negro-256-gb-12-gb-ram-63-fhd-exynos-2600-4300-mah-android-16-1620261.html,"Móvil | Samsung Galaxy S26, Negro, 256 GB, 12 GB RAM , 6.3"" FHD+, Exynos 2600, 4300 mAh, Android 16 | MediaMarkt",,
ES,Media Markt,media_markt,Samsung,Samsung,tablet,Samsung Galaxy Tab S11 Ultra wifi,256,,cash,1045.0,1045.00 €,EUR,,True,mediamarkt_adapter_live,visible_dom,2026-03-24T16:31:21.249235+00:00,https://www.mediamarkt.es/es/product/_samsung-galaxy-tab-s11-ultra-256-gb-plata-146-12-gb-ram-mediatek-dimensity-9400-3-nm-tablet-android-164275809.html,"SAMSUNG Galaxy Tab S11 Ultra, 256 GB, Plata, 14,6 "" UFHD, 12 GB RAM, Mediatek Dimensity 9400+ (3 nm), Tablet Android | MediaMarkt",,
ES,Media Markt,media_markt,Samsung,Samsung,mobile,Samsung Galaxy S26+ 5G,256,,cash,1449.0,1449.00 €,EUR,,True,mediamarkt_adapter_live,embedded_json_exact,2026-03-24T16:31:46.567899+00:00,https://www.mediamarkt.es/es/product/_movil-samsung-galaxy-s26-plus-negro-256-gb-12-gb-ram-67-qhd-exynos-2600-4900-mah-android-16-1620269.html,"Móvil | Samsung Galaxy S26+, Negro, 256 GB, 12 GB RAM , 6.7"" QHD+, Exynos 2600, 4900 mAh, Android 16 | MediaMarkt",,
ES,Media Markt,media_markt,Samsung,Samsung,mobile,Samsung Galaxy S26+ 5G,256,,financing_max_term,69.39,"69,39 â‚¬",EUR/month,18,True,mediamarkt_adapter_live,visible_dom,2026-03-24T16:31:46.567899+00:00,https://www.mediamarkt.es/es/product/_movil-samsung-galaxy-s26-plus-negro-256-gb-12-gb-ram-67-qhd-exynos-2600-4900-mah-android-16-1620269.html,"Móvil | Samsung Galaxy S26+, Negro, 256 GB, 12 GB RAM , 6.7"" QHD+, Exynos 2600, 4900 mAh, Android 16 | MediaMarkt",,
ES,Media Markt,media_markt,Samsung,Samsung,mobile,Samsung Galaxy S26+ 5G,256,,financing_max_term,416.33,"416,33 â‚¬",EUR/month,3,True,mediamarkt_adapter_live,visible_dom,2026-03-24T16:31:46.567899+00:00,https://www.mediamarkt.es/es/product/_movil-samsung-galaxy-s26-plus-negro-256-gb-12-gb-ram-67-qhd-exynos-2600-4900-mah-android-16-1620269.html,"Móvil | Samsung Galaxy S26+, Negro, 256 GB, 12 GB RAM , 6.7"" QHD+, Exynos 2600, 4900 mAh, Android 16 | MediaMarkt",,
ES,Media Markt,media_markt,Samsung,Samsung,mobile,Samsung Galaxy S26+ 5G,256,,financing_max_term,208.17,"208,17 â‚¬",EUR/month,6,True,mediamarkt_adapter_live,visible_dom,2026-03-24T16:31:46.567899+00:00,https://www.mediamarkt.es/es/product/_movil-samsung-galaxy-s26-plus-negro-256-gb-12-gb-ram-67-qhd-exynos-2600-4900-mah-android-16-1620269.html,"Móvil | Samsung Galaxy S26+, Negro, 256 GB, 12 GB RAM , 6.7"" QHD+, Exynos 2600, 4900 mAh, Android 16 | MediaMarkt",,
ES,Media Markt,media_markt,Samsung,Samsung,mobile,Samsung Galaxy S26+ 5G,256,,financing_max_term,124.9,"124,90 â‚¬",EUR/month,10,True,mediamarkt_adapter_live,visible_dom,2026-03-24T16:31:46.567899+00:00,https://www.mediamarkt.es/es/product/_movil-samsung-galaxy-s26-plus-negro-256-gb-12-gb-ram-67-qhd-exynos-2600-4900-mah-android-16-1620269.html,"Móvil | Samsung Galaxy S26+, Negro, 256 GB, 12 GB RAM , 6.7"" QHD+, Exynos 2600, 4900 mAh, Android 16 | MediaMarkt",,
ES,Media Markt,media_markt,Samsung,Samsung,mobile,Samsung Galaxy S26+ 5G,256,,financing_max_term,104.08,"104,08 â‚¬",EUR/month,12,True,mediamarkt_adapter_live,visible_dom,2026-03-24T16:31:46.567899+00:00,https://www.mediamarkt.es/es/product/_movil-samsung-galaxy-s26-plus-negro-256-gb-12-gb-ram-67-qhd-exynos-2600-4900-mah-android-16-1620269.html,"Móvil | Samsung Galaxy S26+, Negro, 256 GB, 12 GB RAM , 6.7"" QHD+, Exynos 2600, 4900 mAh, Android 16 | MediaMarkt",,
ES,Media Markt,media_markt,Samsung,Samsung,mobile,Samsung Galaxy S26+ 5G,256,,financing_max_term,62.45,"62,45 â‚¬",EUR/month,20,True,mediamarkt_adapter_live,visible_dom,2026-03-24T16:31:46.567899+00:00,https://www.mediamarkt.es/es/product/_movil-samsung-galaxy-s26-plus-negro-256-gb-12-gb-ram-67-qhd-exynos-2600-4900-mah-android-16-1620269.html,"Móvil | Samsung Galaxy S26+, Negro, 256 GB, 12 GB RAM , 6.7"" QHD+, Exynos 2600, 4900 mAh, Android 16 | MediaMarkt",,
ES,Media Markt,media_markt,Samsung,Samsung,mobile,Samsung Galaxy S26+ 5G,256,,financing_max_term,52.04,"52,04 â‚¬",EUR/month,24,True,mediamarkt_adapter_live,visible_dom,2026-03-24T16:31:46.567899+00:00,https://www.mediamarkt.es/es/product/_movil-samsung-galaxy-s26-plus-negro-256-gb-12-gb-ram-67-qhd-exynos-2600-4900-mah-android-16-1620269.html,"Móvil | Samsung Galaxy S26+, Negro, 256 GB, 12 GB RAM , 6.7"" QHD+, Exynos 2600, 4900 mAh, Android 16 | MediaMarkt",,
ES,Media Markt,media_markt,Samsung,Samsung,mobile,Samsung Galaxy S26+ 5G,256,,financing_max_term,34.69,"34,69 â‚¬",EUR/month,36,True,mediamarkt_adapter_live,visible_dom,2026-03-24T16:31:46.567899+00:00,https://www.mediamarkt.es/es/product/_movil-samsung-galaxy-s26-plus-negro-256-gb-12-gb-ram-67-qhd-exynos-2600-4900-mah-android-16-1620269.html,"Móvil | Samsung Galaxy S26+, Negro, 256 GB, 12 GB RAM , 6.7"" QHD+, Exynos 2600, 4900 mAh, Android 16 | MediaMarkt",,
ES,Media Markt,media_markt,Samsung,Samsung,tablet,Samsung Galaxy Tab S10 Lite WiFi,128,,cash,287.0,287.00 €,EUR,,True,mediamarkt_adapter_live,visible_dom,2026-03-24T16:31:59.687860+00:00,https://www.mediamarkt.es/es/product/_samsung-galaxy-tab-s10-lite-128-gb-neutral-109-ufhd-6-gb-ram-octa-core-processor-tablet-android-161791854.html,"SAMSUNG Galaxy Tab S10 Lite, 128 GB, Plata, 10,9 "" WUXGA+, 6 GB RAM, Exynos 1380 (5 nm), Tablet Android | MediaMarkt",,
ES,Media Markt,media_markt,Samsung,Samsung,mobile,Samsung Galaxy A17 5G,128,,cash,259.0,259.00 €,EUR,,True,mediamarkt_adapter_live,embedded_json_exact,2026-03-24T16:32:24.877160+00:00,https://www.mediamarkt.es/es/product/_movil-samsung-galaxy-a17-lte-azul-128-gb-4-gb-ram-67-fhd-super-amoled-mediatek-g99-octa-core-5000-mah-android-15-1604159.html,"Móvil | Samsung Galaxy A17 LTE, Azul, 128 GB, 4 GB RAM, 6.7"", FHD+ Super AMOLED, Mediatek G99 Octa-core, 5000 mAh, Android 15 | MediaMarkt",,
ES,Media Markt,media_markt,Samsung,Samsung,mobile,Samsung Galaxy A17 5G,128,,financing_max_term,31.5,"31,50 â‚¬",EUR/month,6,True,mediamarkt_adapter_live,visible_dom,2026-03-24T16:32:24.877160+00:00,https://www.mediamarkt.es/es/product/_movil-samsung-galaxy-a17-lte-azul-128-gb-4-gb-ram-67-fhd-super-amoled-mediatek-g99-octa-core-5000-mah-android-15-1604159.html,"Móvil | Samsung Galaxy A17 LTE, Azul, 128 GB, 4 GB RAM, 6.7"", FHD+ Super AMOLED, Mediatek G99 Octa-core, 5000 mAh, Android 15 | MediaMarkt",,
ES,Media Markt,media_markt,Samsung,Samsung,mobile,Samsung Galaxy A17 5G,128,,financing_max_term,61.56,"61,56 â‚¬",EUR/month,3,True,mediamarkt_adapter_live,visible_dom,2026-03-24T16:32:24.877160+00:00,https://www.mediamarkt.es/es/product/_movil-samsung-galaxy-a17-lte-azul-128-gb-4-gb-ram-67-fhd-super-amoled-mediatek-g99-octa-core-5000-mah-android-15-1604159.html,"Móvil | Samsung Galaxy A17 LTE, Azul, 128 GB, 4 GB RAM, 6.7"", FHD+ Super AMOLED, Mediatek G99 Octa-core, 5000 mAh, Android 15 | MediaMarkt",,
ES,Media Markt,media_markt,Samsung,Samsung,mobile,Samsung Galaxy A17 5G,128,,financing_max_term,19.49,"19,49 â‚¬",EUR/month,10,True,mediamarkt_adapter_live,visible_dom,2026-03-24T16:32:24.877160+00:00,https://www.mediamarkt.es/es/product/_movil-samsung-galaxy-a17-lte-azul-128-gb-4-gb-ram-67-fhd-super-amoled-mediatek-g99-octa-core-5000-mah-android-15-1604159.html,"Móvil | Samsung Galaxy A17 LTE, Azul, 128 GB, 4 GB RAM, 6.7"", FHD+ Super AMOLED, Mediatek G99 Octa-core, 5000 mAh, Android 15 | MediaMarkt",,
ES,Media Markt,media_markt,Samsung,Samsung,mobile,Samsung Galaxy A17 5G,128,,financing_max_term,16.49,"16,49 â‚¬",EUR/month,12,True,mediamarkt_adapter_live,visible_dom,2026-03-24T16:32:24.878312+00:00,https://www.mediamarkt.es/es/product/_movil-samsung-galaxy-a17-lte-azul-128-gb-4-gb-ram-67-fhd-super-amoled-mediatek-g99-octa-core-5000-mah-android-15-1604159.html,"Móvil | Samsung Galaxy A17 LTE, Azul, 128 GB, 4 GB RAM, 6.7"", FHD+ Super AMOLED, Mediatek G99 Octa-core, 5000 mAh, Android 15 | MediaMarkt",,
ES,Media Markt,media_markt,Samsung,Samsung,mobile,Samsung Galaxy A17 5G,128,,financing_max_term,14.35,"14,35 â‚¬",EUR/month,14,True,mediamarkt_adapter_live,visible_dom,2026-03-24T16:32:24.878312+00:00,https://www.mediamarkt.es/es/product/_movil-samsung-galaxy-a17-lte-azul-128-gb-4-gb-ram-67-fhd-super-amoled-mediatek-g99-octa-core-5000-mah-android-15-1604159.html,"Móvil | Samsung Galaxy A17 LTE, Azul, 128 GB, 4 GB RAM, 6.7"", FHD+ Super AMOLED, Mediatek G99 Octa-core, 5000 mAh, Android 15 | MediaMarkt",,
ES,Media Markt,media_markt,Samsung,Samsung,mobile,Samsung Galaxy A17 5G,128,,financing_max_term,11.5,"11,50 â‚¬",EUR/month,18,True,mediamarkt_adapter_live,visible_dom,2026-03-24T16:32:24.878312+00:00,https://www.mediamarkt.es/es/product/_movil-samsung-galaxy-a17-lte-azul-128-gb-4-gb-ram-67-fhd-super-amoled-mediatek-g99-octa-core-5000-mah-android-15-1604159.html,"Móvil | Samsung Galaxy A17 LTE, Azul, 128 GB, 4 GB RAM, 6.7"", FHD+ Super AMOLED, Mediatek G99 Octa-core, 5000 mAh, Android 15 | MediaMarkt",,
ES,Media Markt,media_markt,Samsung,Samsung,mobile,Samsung Galaxy A17 5G,128,,financing_max_term,10.51,"10,51 â‚¬",EUR/month,20,True,mediamarkt_adapter_live,visible_dom,2026-03-24T16:32:24.878312+00:00,https://www.mediamarkt.es/es/product/_movil-samsung-galaxy-a17-lte-azul-128-gb-4-gb-ram-67-fhd-super-amoled-mediatek-g99-octa-core-5000-mah-android-15-1604159.html,"Móvil | Samsung Galaxy A17 LTE, Azul, 128 GB, 4 GB RAM, 6.7"", FHD+ Super AMOLED, Mediatek G99 Octa-core, 5000 mAh, Android 15 | MediaMarkt",,
ES,Media Markt,media_markt,Samsung,Samsung,tablet,Samsung Galaxy Tab S10 FE Wi-Fi,128,,cash,643.0,643.00 €,EUR,,True,mediamarkt_adapter_live,visible_dom,2026-03-24T16:32:39.707595+00:00,https://www.mediamarkt.es/es/product/_tablet-samsung-galaxy-tab-s10-fe-azul-128-gb-13-8-gb-ram-exynos-1580-4-nm-android-154365860.html,"SAMSUNG Galaxy Tab S10 FE+, 128 GB, Azul, 13,1 "" WQXGA+, 8 GB RAM, Exynos 1580 (4 nm), Tablet Android | MediaMarkt",,
ES,Media Markt,media_markt,Samsung,Samsung,mobile,Samsung Galaxy S26 Ultra 5G,256,,cash,1949.0,1949.00 €,EUR,,True,mediamarkt_adapter_live,embedded_json_exact,2026-03-24T16:32:52.802484+00:00,https://www.mediamarkt.es/es/product/_movil-samsung-galaxy-s26-ultra-azul-cielo-256-gb-12-gb-ram-69-qhd-qualcomm-snapdragon-8-elite-gen-5-5000-mah-android-16-1620278.html,"Móvil | Samsung Galaxy S26 Ultra, Azul Cielo, 256 GB, 12 GB RAM, 6.9"" QHD+, Qualcomm Snapdragon 8 Elite Gen 5, 5000 mAh, Android 16 | MediaMarkt",,
ES,Media Markt,media_markt,Samsung,Samsung,mobile,Samsung Galaxy S26 Ultra 5G,256,,financing_max_term,72.45,"72,45 â‚¬",EUR/month,20,True,mediamarkt_adapter_live,visible_dom,2026-03-24T16:32:52.802484+00:00,https://www.mediamarkt.es/es/product/_movil-samsung-galaxy-s26-ultra-azul-cielo-256-gb-12-gb-ram-69-qhd-qualcomm-snapdragon-8-elite-gen-5-5000-mah-android-16-1620278.html,"Móvil | Samsung Galaxy S26 Ultra, Azul Cielo, 256 GB, 12 GB RAM, 6.9"" QHD+, Qualcomm Snapdragon 8 Elite Gen 5, 5000 mAh, Android 16 | MediaMarkt",,
ES,Media Markt,media_markt,Samsung,Samsung,mobile,Samsung Galaxy S26 Ultra 5G,256,,financing_max_term,241.5,"241,50 â‚¬",EUR/month,6,True,mediamarkt_adapter_live,visible_dom,2026-03-24T16:32:52.802484+00:00,https://www.mediamarkt.es/es/product/_movil-samsung-galaxy-s26-ultra-azul-cielo-256-gb-12-gb-ram-69-qhd-qualcomm-snapdragon-8-elite-gen-5-5000-mah-android-16-1620278.html,"Móvil | Samsung Galaxy S26 Ultra, Azul Cielo, 256 GB, 12 GB RAM, 6.9"" QHD+, Qualcomm Snapdragon 8 Elite Gen 5, 5000 mAh, Android 16 | MediaMarkt",,
ES,Media Markt,media_markt,Samsung,Samsung,mobile,Samsung Galaxy S26 Ultra 5G,256,,financing_max_term,144.9,"144,90 â‚¬",EUR/month,10,True,mediamarkt_adapter_live,visible_dom,2026-03-24T16:32:52.802484+00:00,https://www.mediamarkt.es/es/product/_movil-samsung-galaxy-s26-ultra-azul-cielo-256-gb-12-gb-ram-69-qhd-qualcomm-snapdragon-8-elite-gen-5-5000-mah-android-16-1620278.html,"Móvil | Samsung Galaxy S26 Ultra, Azul Cielo, 256 GB, 12 GB RAM, 6.9"" QHD+, Qualcomm Snapdragon 8 Elite Gen 5, 5000 mAh, Android 16 | MediaMarkt",,
ES,Media Markt,media_markt,Samsung,Samsung,mobile,Samsung Galaxy S26 Ultra 5G,256,,financing_max_term,120.75,"120,75 â‚¬",EUR/month,12,True,mediamarkt_adapter_live,visible_dom,2026-03-24T16:32:52.802484+00:00,https://www.mediamarkt.es/es/product/_movil-samsung-galaxy-s26-ultra-azul-cielo-256-gb-12-gb-ram-69-qhd-qualcomm-snapdragon-8-elite-gen-5-5000-mah-android-16-1620278.html,"Móvil | Samsung Galaxy S26 Ultra, Azul Cielo, 256 GB, 12 GB RAM, 6.9"" QHD+, Qualcomm Snapdragon 8 Elite Gen 5, 5000 mAh, Android 16 | MediaMarkt",,
ES,Media Markt,media_markt,Samsung,Samsung,mobile,Samsung Galaxy S26 Ultra 5G,256,,financing_max_term,80.5,"80,50 â‚¬",EUR/month,18,True,mediamarkt_adapter_live,visible_dom,2026-03-24T16:32:52.802484+00:00,https://www.mediamarkt.es/es/product/_movil-samsung-galaxy-s26-ultra-azul-cielo-256-gb-12-gb-ram-69-qhd-qualcomm-snapdragon-8-elite-gen-5-5000-mah-android-16-1620278.html,"Móvil | Samsung Galaxy S26 Ultra, Azul Cielo, 256 GB, 12 GB RAM, 6.9"" QHD+, Qualcomm Snapdragon 8 Elite Gen 5, 5000 mAh, Android 16 | MediaMarkt",,
ES,Media Markt,media_markt,Samsung,Samsung,mobile,Samsung Galaxy S26 Ultra 5G,256,,financing_max_term,60.38,"60,38 â‚¬",EUR/month,24,True,mediamarkt_adapter_live,visible_dom,2026-03-24T16:32:52.802484+00:00,https://www.mediamarkt.es/es/product/_movil-samsung-galaxy-s26-ultra-azul-cielo-256-gb-12-gb-ram-69-qhd-qualcomm-snapdragon-8-elite-gen-5-5000-mah-android-16-1620278.html,"Móvil | Samsung Galaxy S26 Ultra, Azul Cielo, 256 GB, 12 GB RAM, 6.9"" QHD+, Qualcomm Snapdragon 8 Elite Gen 5, 5000 mAh, Android 16 | MediaMarkt",,
ES,Media Markt,media_markt,Samsung,Samsung,mobile,Samsung Galaxy S26 Ultra 5G,256,,financing_max_term,40.25,"40,25 â‚¬",EUR/month,36,True,mediamarkt_adapter_live,visible_dom,2026-03-24T16:32:52.802484+00:00,https://www.mediamarkt.es/es/product/_movil-samsung-galaxy-s26-ultra-azul-cielo-256-gb-12-gb-ram-69-qhd-qualcomm-snapdragon-8-elite-gen-5-5000-mah-android-16-1620278.html,"Móvil | Samsung Galaxy S26 Ultra, Azul Cielo, 256 GB, 12 GB RAM, 6.9"" QHD+, Qualcomm Snapdragon 8 Elite Gen 5, 5000 mAh, Android 16 | MediaMarkt",,
ES,Media Markt,media_markt,Samsung,Samsung,mobile,Samsung Galaxy S26 Ultra 5G,512,,cash,1949.0,1949.00 €,EUR,,True,mediamarkt_adapter_live,embedded_json_exact,2026-03-24T16:33:06.948430+00:00,https://www.mediamarkt.es/es/product/_movil-samsung-galaxy-s26-ultra-negro-512-gb-12-gb-ram-69-qhd-qualcomm-snapdragon-8-elite-gen-5-5000-mah-android-16-1620281.html,"Móvil | Samsung Galaxy S26 Ultra, Negro, 512 GB, 12 GB RAM, 6.9"" QHD+, Qualcomm Snapdragon 8 Elite Gen 5, 5000 mAh, Android 16 | MediaMarkt",,
ES,Media Markt,media_markt,Samsung,Samsung,mobile,Samsung Galaxy S26 Ultra 5G,512,,financing_max_term,82.45,"82,45 â‚¬",EUR/month,20,True,mediamarkt_adapter_live,visible_dom,2026-03-24T16:33:06.948430+00:00,https://www.mediamarkt.es/es/product/_movil-samsung-galaxy-s26-ultra-negro-512-gb-12-gb-ram-69-qhd-qualcomm-snapdragon-8-elite-gen-5-5000-mah-android-16-1620281.html,"Móvil | Samsung Galaxy S26 Ultra, Negro, 512 GB, 12 GB RAM, 6.9"" QHD+, Qualcomm Snapdragon 8 Elite Gen 5, 5000 mAh, Android 16 | MediaMarkt",,
ES,Media Markt,media_markt,Samsung,Samsung,mobile,Samsung Galaxy S26 Ultra 5G,512,,financing_max_term,549.67,"549,67 â‚¬",EUR/month,3,True,mediamarkt_adapter_live,visible_dom,2026-03-24T16:33:06.948430+00:00,https://www.mediamarkt.es/es/product/_movil-samsung-galaxy-s26-ultra-negro-512-gb-12-gb-ram-69-qhd-qualcomm-snapdragon-8-elite-gen-5-5000-mah-android-16-1620281.html,"Móvil | Samsung Galaxy S26 Ultra, Negro, 512 GB, 12 GB RAM, 6.9"" QHD+, Qualcomm Snapdragon 8 Elite Gen 5, 5000 mAh, Android 16 | MediaMarkt",,
ES,Media Markt,media_markt,Samsung,Samsung,mobile,Samsung Galaxy S26 Ultra 5G,512,,financing_max_term,274.83,"274,83 â‚¬",EUR/month,6,True,mediamarkt_adapter_live,visible_dom,2026-03-24T16:33:06.948430+00:00,https://www.mediamarkt.es/es/product/_movil-samsung-galaxy-s26-ultra-negro-512-gb-12-gb-ram-69-qhd-qualcomm-snapdragon-8-elite-gen-5-5000-mah-android-16-1620281.html,"Móvil | Samsung Galaxy S26 Ultra, Negro, 512 GB, 12 GB RAM, 6.9"" QHD+, Qualcomm Snapdragon 8 Elite Gen 5, 5000 mAh, Android 16 | MediaMarkt",,
ES,Media Markt,media_markt,Samsung,Samsung,mobile,Samsung Galaxy S26 Ultra 5G,512,,financing_max_term,164.9,"164,90 â‚¬",EUR/month,10,True,mediamarkt_adapter_live,visible_dom,2026-03-24T16:33:06.948430+00:00,https://www.mediamarkt.es/es/product/_movil-samsung-galaxy-s26-ultra-negro-512-gb-12-gb-ram-69-qhd-qualcomm-snapdragon-8-elite-gen-5-5000-mah-android-16-1620281.html,"Móvil | Samsung Galaxy S26 Ultra, Negro, 512 GB, 12 GB RAM, 6.9"" QHD+, Qualcomm Snapdragon 8 Elite Gen 5, 5000 mAh, Android 16 | MediaMarkt",,
ES,Media Markt,media_markt,Samsung,Samsung,mobile,Samsung Galaxy S26 Ultra 5G,512,,financing_max_term,137.42,"137,42 â‚¬",EUR/month,12,True,mediamarkt_adapter_live,visible_dom,2026-03-24T16:33:06.948430+00:00,https://www.mediamarkt.es/es/product/_movil-samsung-galaxy-s26-ultra-negro-512-gb-12-gb-ram-69-qhd-qualcomm-snapdragon-8-elite-gen-5-5000-mah-android-16-1620281.html,"Móvil | Samsung Galaxy S26 Ultra, Negro, 512 GB, 12 GB RAM, 6.9"" QHD+, Qualcomm Snapdragon 8 Elite Gen 5, 5000 mAh, Android 16 | MediaMarkt",,
ES,Media Markt,media_markt,Samsung,Samsung,mobile,Samsung Galaxy S26 Ultra 5G,512,,financing_max_term,91.61,"91,61 â‚¬",EUR/month,18,True,mediamarkt_adapter_live,visible_dom,2026-03-24T16:33:06.948430+00:00,https://www.mediamarkt.es/es/product/_movil-samsung-galaxy-s26-ultra-negro-512-gb-12-gb-ram-69-qhd-qualcomm-snapdragon-8-elite-gen-5-5000-mah-android-16-1620281.html,"Móvil | Samsung Galaxy S26 Ultra, Negro, 512 GB, 12 GB RAM, 6.9"" QHD+, Qualcomm Snapdragon 8 Elite Gen 5, 5000 mAh, Android 16 | MediaMarkt",,
ES,Media Markt,media_markt,Samsung,Samsung,mobile,Samsung Galaxy S26 Ultra 5G,512,,financing_max_term,68.71,"68,71 â‚¬",EUR/month,24,True,mediamarkt_adapter_live,visible_dom,2026-03-24T16:33:06.948430+00:00,https://www.mediamarkt.es/es/product/_movil-samsung-galaxy-s26-ultra-negro-512-gb-12-gb-ram-69-qhd-qualcomm-snapdragon-8-elite-gen-5-5000-mah-android-16-1620281.html,"Móvil | Samsung Galaxy S26 Ultra, Negro, 512 GB, 12 GB RAM, 6.9"" QHD+, Qualcomm Snapdragon 8 Elite Gen 5, 5000 mAh, Android 16 | MediaMarkt",,
ES,Media Markt,media_markt,Samsung,Samsung,mobile,Samsung Galaxy S26 Ultra 5G,512,,financing_max_term,45.81,"45,81 â‚¬",EUR/month,36,True,mediamarkt_adapter_live,visible_dom,2026-03-24T16:33:06.948430+00:00,https://www.mediamarkt.es/es/product/_movil-samsung-galaxy-s26-ultra-negro-512-gb-12-gb-ram-69-qhd-qualcomm-snapdragon-8-elite-gen-5-5000-mah-android-16-1620281.html,"Móvil | Samsung Galaxy S26 Ultra, Negro, 512 GB, 12 GB RAM, 6.9"" QHD+, Qualcomm Snapdragon 8 Elite Gen 5, 5000 mAh, Android 16 | MediaMarkt",,
ES,Media Markt,media_markt,Samsung,Samsung,mobile,Samsung Galaxy S26 Ultra 5G,1024,,cash,1949.0,1949.00 €,EUR,,True,mediamarkt_adapter_live,embedded_json_exact,2026-03-24T16:33:19.630970+00:00,https://www.mediamarkt.es/es/product/_movil-samsung-galaxy-s26-ultra-negro-1-tb-16-gb-ram-69-qhd-qualcomm-snapdragon-8-elite-gen-5-5000-mah-android-16-1620285.html,"Móvil | Samsung Galaxy S26 Ultra, Negro, 1 TB, 16 GB RAM, 6.9"" QHD+, Qualcomm Snapdragon 8 Elite Gen 5, 5000 mAh, Android 16 | MediaMarkt",,
ES,Media Markt,media_markt,Samsung,Samsung,mobile,Samsung Galaxy S26 Ultra 5G,1024,,financing_max_term,81.21,"81,21 â‚¬",EUR/month,24,True,mediamarkt_adapter_live,visible_dom,2026-03-24T16:33:19.630970+00:00,https://www.mediamarkt.es/es/product/_movil-samsung-galaxy-s26-ultra-negro-1-tb-16-gb-ram-69-qhd-qualcomm-snapdragon-8-elite-gen-5-5000-mah-android-16-1620285.html,"Móvil | Samsung Galaxy S26 Ultra, Negro, 1 TB, 16 GB RAM, 6.9"" QHD+, Qualcomm Snapdragon 8 Elite Gen 5, 5000 mAh, Android 16 | MediaMarkt",,
ES,Media Markt,media_markt,Samsung,Samsung,mobile,Samsung Galaxy S26 Ultra 5G,1024,,financing_max_term,649.67,"649,67 â‚¬",EUR/month,3,True,mediamarkt_adapter_live,visible_dom,2026-03-24T16:33:19.630970+00:00,https://www.mediamarkt.es/es/product/_movil-samsung-galaxy-s26-ultra-negro-1-tb-16-gb-ram-69-qhd-qualcomm-snapdragon-8-elite-gen-5-5000-mah-android-16-1620285.html,"Móvil | Samsung Galaxy S26 Ultra, Negro, 1 TB, 16 GB RAM, 6.9"" QHD+, Qualcomm Snapdragon 8 Elite Gen 5, 5000 mAh, Android 16 | MediaMarkt",,
ES,Media Markt,media_markt,Samsung,Samsung,mobile,Samsung Galaxy S26 Ultra 5G,1024,,financing_max_term,324.83,"324,83 â‚¬",EUR/month,6,True,mediamarkt_adapter_live,visible_dom,2026-03-24T16:33:19.630970+00:00,https://www.mediamarkt.es/es/product/_movil-samsung-galaxy-s26-ultra-negro-1-tb-16-gb-ram-69-qhd-qualcomm-snapdragon-8-elite-gen-5-5000-mah-android-16-1620285.html,"Móvil | Samsung Galaxy S26 Ultra, Negro, 1 TB, 16 GB RAM, 6.9"" QHD+, Qualcomm Snapdragon 8 Elite Gen 5, 5000 mAh, Android 16 | MediaMarkt",,
ES,Media Markt,media_markt,Samsung,Samsung,mobile,Samsung Galaxy S26 Ultra 5G,1024,,financing_max_term,194.9,"194,90 â‚¬",EUR/month,10,True,mediamarkt_adapter_live,visible_dom,2026-03-24T16:33:19.630970+00:00,https://www.mediamarkt.es/es/product/_movil-samsung-galaxy-s26-ultra-negro-1-tb-16-gb-ram-69-qhd-qualcomm-snapdragon-8-elite-gen-5-5000-mah-android-16-1620285.html,"Móvil | Samsung Galaxy S26 Ultra, Negro, 1 TB, 16 GB RAM, 6.9"" QHD+, Qualcomm Snapdragon 8 Elite Gen 5, 5000 mAh, Android 16 | MediaMarkt",,
ES,Media Markt,media_markt,Samsung,Samsung,mobile,Samsung Galaxy S26 Ultra 5G,1024,,financing_max_term,162.42,"162,42 â‚¬",EUR/month,12,True,mediamarkt_adapter_live,visible_dom,2026-03-24T16:33:19.630970+00:00,https://www.mediamarkt.es/es/product/_movil-samsung-galaxy-s26-ultra-negro-1-tb-16-gb-ram-69-qhd-qualcomm-snapdragon-8-elite-gen-5-5000-mah-android-16-1620285.html,"Móvil | Samsung Galaxy S26 Ultra, Negro, 1 TB, 16 GB RAM, 6.9"" QHD+, Qualcomm Snapdragon 8 Elite Gen 5, 5000 mAh, Android 16 | MediaMarkt",,
ES,Media Markt,media_markt,Samsung,Samsung,mobile,Samsung Galaxy S26 Ultra 5G,1024,,financing_max_term,108.28,"108,28 â‚¬",EUR/month,18,True,mediamarkt_adapter_live,visible_dom,2026-03-24T16:33:19.630970+00:00,https://www.mediamarkt.es/es/product/_movil-samsung-galaxy-s26-ultra-negro-1-tb-16-gb-ram-69-qhd-qualcomm-snapdragon-8-elite-gen-5-5000-mah-android-16-1620285.html,"Móvil | Samsung Galaxy S26 Ultra, Negro, 1 TB, 16 GB RAM, 6.9"" QHD+, Qualcomm Snapdragon 8 Elite Gen 5, 5000 mAh, Android 16 | MediaMarkt",,
ES,Media Markt,media_markt,Samsung,Samsung,mobile,Samsung Galaxy S26 Ultra 5G,1024,,financing_max_term,97.45,"97,45 â‚¬",EUR/month,20,True,mediamarkt_adapter_live,visible_dom,2026-03-24T16:33:19.630970+00:00,https://www.mediamarkt.es/es/product/_movil-samsung-galaxy-s26-ultra-negro-1-tb-16-gb-ram-69-qhd-qualcomm-snapdragon-8-elite-gen-5-5000-mah-android-16-1620285.html,"Móvil | Samsung Galaxy S26 Ultra, Negro, 1 TB, 16 GB RAM, 6.9"" QHD+, Qualcomm Snapdragon 8 Elite Gen 5, 5000 mAh, Android 16 | MediaMarkt",,
ES,Media Markt,media_markt,Samsung,Samsung,mobile,Samsung Galaxy S26 Ultra 5G,1024,,financing_max_term,54.14,"54,14 â‚¬",EUR/month,36,True,mediamarkt_adapter_live,visible_dom,2026-03-24T16:33:19.630970+00:00,https://www.mediamarkt.es/es/product/_movil-samsung-galaxy-s26-ultra-negro-1-tb-16-gb-ram-69-qhd-qualcomm-snapdragon-8-elite-gen-5-5000-mah-android-16-1620285.html,"Móvil | Samsung Galaxy S26 Ultra, Negro, 1 TB, 16 GB RAM, 6.9"" QHD+, Qualcomm Snapdragon 8 Elite Gen 5, 5000 mAh, Android 16 | MediaMarkt",,
ES,Media Markt,media_markt,Samsung,Samsung,mobile,Samsung Galaxy Z Flip 7,256,,cash,1199.0,1199.00 €,EUR,,True,mediamarkt_adapter_live,embedded_json_exact,2026-03-24T16:33:34.683679+00:00,https://www.mediamarkt.es/es/product/_movil-samsung-galaxy-zflip7-negro-256-gb-12-gb-ram-69-fhd-exynos-2500-4300-mah-android-16-1602549.html,"Móvil | Samsung Galaxy Z Flip7, Negro, 256 GB, 12 GB RAM, 6.9"" FHD+, Exynos 2500, 4300 mAh, Android 16 | MediaMarkt",,
ES,Media Markt,media_markt,Samsung,Samsung,mobile,Samsung Galaxy Z Flip 7,256,,financing_max_term,70.62,"70,62 â‚¬",EUR/month,18,True,mediamarkt_adapter_live,visible_dom,2026-03-24T16:33:34.683679+00:00,https://www.mediamarkt.es/es/product/_movil-samsung-galaxy-zflip7-negro-256-gb-12-gb-ram-69-fhd-exynos-2500-4300-mah-android-16-1602549.html,"Móvil | Samsung Galaxy Z Flip7, Negro, 256 GB, 12 GB RAM, 6.9"" FHD+, Exynos 2500, 4300 mAh, Android 16 | MediaMarkt",,
ES,Media Markt,media_markt,Samsung,Samsung,mobile,Samsung Galaxy Z Flip 7,256,,financing_max_term,377.96,"377,96 â‚¬",EUR/month,3,True,mediamarkt_adapter_live,visible_dom,2026-03-24T16:33:34.683679+00:00,https://www.mediamarkt.es/es/product/_movil-samsung-galaxy-zflip7-negro-256-gb-12-gb-ram-69-fhd-exynos-2500-4300-mah-android-16-1602549.html,"Móvil | Samsung Galaxy Z Flip7, Negro, 256 GB, 12 GB RAM, 6.9"" FHD+, Exynos 2500, 4300 mAh, Android 16 | MediaMarkt",,
ES,Media Markt,media_markt,Samsung,Samsung,mobile,Samsung Galaxy Z Flip 7,256,,financing_max_term,193.42,"193,42 â‚¬",EUR/month,6,True,mediamarkt_adapter_live,visible_dom,2026-03-24T16:33:34.683679+00:00,https://www.mediamarkt.es/es/product/_movil-samsung-galaxy-zflip7-negro-256-gb-12-gb-ram-69-fhd-exynos-2500-4300-mah-android-16-1602549.html,"Móvil | Samsung Galaxy Z Flip7, Negro, 256 GB, 12 GB RAM, 6.9"" FHD+, Exynos 2500, 4300 mAh, Android 16 | MediaMarkt",,
ES,Media Markt,media_markt,Samsung,Samsung,mobile,Samsung Galaxy Z Flip 7,256,,financing_max_term,119.67,"119,67 â‚¬",EUR/month,10,True,mediamarkt_adapter_live,visible_dom,2026-03-24T16:33:34.683679+00:00,https://www.mediamarkt.es/es/product/_movil-samsung-galaxy-zflip7-negro-256-gb-12-gb-ram-69-fhd-exynos-2500-4300-mah-android-16-1602549.html,"Móvil | Samsung Galaxy Z Flip7, Negro, 256 GB, 12 GB RAM, 6.9"" FHD+, Exynos 2500, 4300 mAh, Android 16 | MediaMarkt",,
ES,Media Markt,media_markt,Samsung,Samsung,mobile,Samsung Galaxy Z Flip 7,256,,financing_max_term,101.25,"101,25 â‚¬",EUR/month,12,True,mediamarkt_adapter_live,visible_dom,2026-03-24T16:33:34.683679+00:00,https://www.mediamarkt.es/es/product/_movil-samsung-galaxy-zflip7-negro-256-gb-12-gb-ram-69-fhd-exynos-2500-4300-mah-android-16-1602549.html,"Móvil | Samsung Galaxy Z Flip7, Negro, 256 GB, 12 GB RAM, 6.9"" FHD+, Exynos 2500, 4300 mAh, Android 16 | MediaMarkt",,
ES,Media Markt,media_markt,Samsung,Samsung,mobile,Samsung Galaxy Z Flip 7,256,,financing_max_term,88.11,"88,11 â‚¬",EUR/month,14,True,mediamarkt_adapter_live,visible_dom,2026-03-24T16:33:34.683679+00:00,https://www.mediamarkt.es/es/product/_movil-samsung-galaxy-zflip7-negro-256-gb-12-gb-ram-69-fhd-exynos-2500-4300-mah-android-16-1602549.html,"Móvil | Samsung Galaxy Z Flip7, Negro, 256 GB, 12 GB RAM, 6.9"" FHD+, Exynos 2500, 4300 mAh, Android 16 | MediaMarkt",,
ES,Media Markt,media_markt,Samsung,Samsung,mobile,Samsung Galaxy Z Flip 7,256,,financing_max_term,64.51,"64,51 â‚¬",EUR/month,20,True,mediamarkt_adapter_live,visible_dom,2026-03-24T16:33:34.683679+00:00,https://www.mediamarkt.es/es/product/_movil-samsung-galaxy-zflip7-negro-256-gb-12-gb-ram-69-fhd-exynos-2500-4300-mah-android-16-1602549.html,"Móvil | Samsung Galaxy Z Flip7, Negro, 256 GB, 12 GB RAM, 6.9"" FHD+, Exynos 2500, 4300 mAh, Android 16 | MediaMarkt",,
ES,Media Markt,media_markt,Samsung,Samsung,mobile,Samsung Galaxy Z Flip 7,256,,financing_max_term,55.37,"55,37 â‚¬",EUR/month,24,True,mediamarkt_adapter_live,visible_dom,2026-03-24T16:33:34.683679+00:00,https://www.mediamarkt.es/es/product/_movil-samsung-galaxy-zflip7-negro-256-gb-12-gb-ram-69-fhd-exynos-2500-4300-mah-android-16-1602549.html,"Móvil | Samsung Galaxy Z Flip7, Negro, 256 GB, 12 GB RAM, 6.9"" FHD+, Exynos 2500, 4300 mAh, Android 16 | MediaMarkt",,
ES,Media Markt,media_markt,Samsung,Samsung,mobile,Samsung Galaxy Z Flip 7,256,,financing_max_term,46.28,"46,28 â‚¬",EUR/month,30,True,mediamarkt_adapter_live,visible_dom,2026-03-24T16:33:34.683679+00:00,https://www.mediamarkt.es/es/product/_movil-samsung-galaxy-zflip7-negro-256-gb-12-gb-ram-69-fhd-exynos-2500-4300-mah-android-16-1602549.html,"Móvil | Samsung Galaxy Z Flip7, Negro, 256 GB, 12 GB RAM, 6.9"" FHD+, Exynos 2500, 4300 mAh, Android 16 | MediaMarkt",,
