country,retailer,retailer_slug,product_family,brand,device_type,model,capacity_gb,offer_type,price_value,price_text,price_unit,term_months,in_stock,data_quality_tier,extracted_at,source_url,source_title
ES,Santander Boutique,santander_boutique,Samsung,Samsung,mobile,Samsung Galaxy S25,256,renting_with_insurance,29.6,29.60 â‚¬,EUR/month,48,True,santander_api_live,2026-02-18T11:20:34.461305+00:00,https://boutique.bancosantander.es/es/Cat%C3%A1logo/Electr%C3%B3nica/M%C3%B3viles/Galaxy-S25/p/SM-S931BZSGEUB?previousPriceSelected=renting,Galaxy S25
ES,Santander Boutique,santander_boutique,Samsung,Samsung,mobile,Samsung Galaxy S25,256,renting_with_insurance,32.6,32.60 â‚¬,EUR/month,36,True,santander_api_live,2026-02-18T11:20:34.461305+00:00,https://boutique.bancosantander.es/es/Cat%C3%A1logo/Electr%C3%B3nica/M%C3%B3viles/Galaxy-S25/p/SM-S931BZSGEUB?previousPriceSelected=renting,Galaxy S25
ES,Santander Boutique,santander_boutique,Samsung,Samsung,mobile,Samsung Galaxy S25,256,renting_with_insurance,40.8,40.80 â‚¬,EUR/month,24,True,santander_api_live,2026-02-18T11:20:34.461305+00:00,https://boutique.bancosantander.es/es/Cat%C3%A1logo/Electr%C3%B3nica/M%C3%B3viles/Galaxy-S25/p/SM-S931BZSGEUB?previousPriceSelected=renting,Galaxy S25
ES,Santander Boutique,santander_boutique,Samsung,Samsung,mobile,Samsung Galaxy S25,256,financing_max_term,26.43,26.43 â‚¬,EUR/month,30,True,santander_api_live,2026-02-18T11:20:34.461305+00:00,https://boutique.bancosantander.es/es/Cat%C3%A1logo/Electr%C3%B3nica/M%C3%B3viles/Galaxy-S25/p/SM-S931BZSGEUB?previousPriceSelected=renting,Galaxy S25
ES,Santander Boutique,santander_boutique,Samsung,Samsung,mobile,Samsung Galaxy S25,256,financing_max_term,30.67,30.67 â‚¬,EUR/month,24,True,santander_api_live,2026-02-18T11:20:34.461305+00:00,https://boutique.bancosantander.es/es/Cat%C3%A1logo/Electr%C3%B3nica/M%C3%B3viles/Galaxy-S25/p/SM-S931BZSGEUB?previousPriceSelected=renting,Galaxy S25
ES,Santander Boutique,santander_boutique,Samsung,Samsung,mobile,Samsung Galaxy S25,256,financing_max_term,39.76,39.76 â‚¬,EUR/month,18,True,santander_api_live,2026-02-18T11:20:34.461305+00:00,https://boutique.bancosantander.es/es/Cat%C3%A1logo/Electr%C3%B3nica/M%C3%B3viles/Galaxy-S25/p/SM-S931BZSGEUB?previousPriceSelected=renting,Galaxy S25
ES,Santander Boutique,santander_boutique,Samsung,Samsung,mobile,Samsung Galaxy S25,256,financing_max_term,58.25,58.25 â‚¬,EUR/month,12,True,santander_api_live,2026-02-18T11:20:34.461305+00:00,https://boutique.bancosantander.es/es/Cat%C3%A1logo/Electr%C3%B3nica/M%C3%B3viles/Galaxy-S25/p/SM-S931BZSGEUB?previousPriceSelected=renting,Galaxy S25
ES,Santander Boutique,santander_boutique,Samsung,Samsung,mobile,Samsung Galaxy S25,256,financing_max_term,116.5,116.50 â‚¬,EUR/month,6,True,santander_api_live,2026-02-18T11:20:34.461305+00:00,https://boutique.bancosantander.es/es/Cat%C3%A1logo/Electr%C3%B3nica/M%C3%B3viles/Galaxy-S25/p/SM-S931BZSGEUB?previousPriceSelected=renting,Galaxy S25
ES,Santander Boutique,santander_boutique,Samsung,Samsung,mobile,Samsung Galaxy S25,256,financing_max_term,233.0,233.00 â‚¬,EUR/month,3,True,santander_api_live,2026-02-18T11:20:34.461305+00:00,https://boutique.bancosantander.es/es/Cat%C3%A1logo/Electr%C3%B3nica/M%C3%B3viles/Galaxy-S25/p/SM-S931BZSGEUB?previousPriceSelected=renting,Galaxy S25
ES,Santander Boutique,santander_boutique,Samsung,Samsung,mobile,Samsung Galaxy S25,256,cash,699.0,699.00 â‚¬,EUR,,True,santander_api_live,2026-02-18T11:20:34.461305+00:00,https://boutique.bancosantander.es/es/Cat%C3%A1logo/Electr%C3%B3nica/M%C3%B3viles/Galaxy-S25/p/SM-S931BZSGEUB?previousPriceSelected=renting,Galaxy S25
ES,Santander Boutique,santander_boutique,Samsung,Samsung,tablet,Samsung Galaxy Tab A11+ Wifi,128,renting_with_insurance,7.7,7.70 â‚¬,EUR/month,36,True,santander_api_live,2026-02-18T11:20:36.004606+00:00,https://boutique.bancosantander.es/es/Cat%C3%A1logo/Electr%C3%B3nica/Tablets/Galaxy-Tab-A11%2B/p/SM-X230NZAREUB?previousPriceSelected=renting,Galaxy Tab A11+ Wifi
ES,Santander Boutique,santander_boutique,Samsung,Samsung,tablet,Samsung Galaxy Tab A11+ Wifi,128,renting_with_insurance,9.7,9.70 â‚¬,EUR/month,24,True,santander_api_live,2026-02-18T11:20:36.004606+00:00,https://boutique.bancosantander.es/es/Cat%C3%A1logo/Electr%C3%B3nica/Tablets/Galaxy-Tab-A11%2B/p/SM-X230NZAREUB?previousPriceSelected=renting,Galaxy Tab A11+ Wifi
ES,Santander Boutique,santander_boutique,Samsung,Samsung,tablet,Samsung Galaxy Tab A11+ Wifi,128,financing_max_term,7.9,7.90 â‚¬,EUR/month,30,True,santander_api_live,2026-02-18T11:20:36.004606+00:00,https://boutique.bancosantander.es/es/Cat%C3%A1logo/Electr%C3%B3nica/Tablets/Galaxy-Tab-A11%2B/p/SM-X230NZAREUB?previousPriceSelected=renting,Galaxy Tab A11+ Wifi
ES,Santander Boutique,santander_boutique,Samsung,Samsung,tablet,Samsung Galaxy Tab A11+ Wifi,128,financing_max_term,9.17,9.17 â‚¬,EUR/month,24,True,santander_api_live,2026-02-18T11:20:36.004606+00:00,https://boutique.bancosantander.es/es/Cat%C3%A1logo/Electr%C3%B3nica/Tablets/Galaxy-Tab-A11%2B/p/SM-X230NZAREUB?previousPriceSelected=renting,Galaxy Tab A11+ Wifi
ES,Santander Boutique,santander_boutique,Samsung,Samsung,tablet,Samsung Galaxy Tab A11+ Wifi,128,financing_max_term,11.89,11.89 â‚¬,EUR/month,18,True,santander_api_live,2026-02-18T11:20:36.004606+00:00,https://boutique.bancosantander.es/es/Cat%C3%A1logo/Electr%C3%B3nica/Tablets/Galaxy-Tab-A11%2B/p/SM-X230NZAREUB?previousPriceSelected=renting,Galaxy Tab A11+ Wifi
ES,Santander Boutique,santander_boutique,Samsung,Samsung,tablet,Samsung Galaxy Tab A11+ Wifi,128,financing_max_term,17.42,17.42 â‚¬,EUR/month,12,True,santander_api_live,2026-02-18T11:20:36.004606+00:00,https://boutique.bancosantander.es/es/Cat%C3%A1logo/Electr%C3%B3nica/Tablets/Galaxy-Tab-A11%2B/p/SM-X230NZAREUB?previousPriceSelected=renting,Galaxy Tab A11+ Wifi
ES,Santander Boutique,santander_boutique,Samsung,Samsung,tablet,Samsung Galaxy Tab A11+ Wifi,128,financing_max_term,34.83,34.83 â‚¬,EUR/month,6,True,santander_api_live,2026-02-18T11:20:36.004606+00:00,https://boutique.bancosantander.es/es/Cat%C3%A1logo/Electr%C3%B3nica/Tablets/Galaxy-Tab-A11%2B/p/SM-X230NZAREUB?previousPriceSelected=renting,Galaxy Tab A11+ Wifi
ES,Santander Boutique,santander_boutique,Samsung,Samsung,tablet,Samsung Galaxy Tab A11+ Wifi,128,financing_max_term,69.67,69.67 â‚¬,EUR/month,3,True,santander_api_live,2026-02-18T11:20:36.004606+00:00,https://boutique.bancosantander.es/es/Cat%C3%A1logo/Electr%C3%B3nica/Tablets/Galaxy-Tab-A11%2B/p/SM-X230NZAREUB?previousPriceSelected=renting,Galaxy Tab A11+ Wifi
ES,Santander Boutique,santander_boutique,Samsung,Samsung,tablet,Samsung Galaxy Tab A11+ Wifi,128,cash,209.0,209.00 â‚¬,EUR,,True,santander_api_live,2026-02-18T11:20:36.004606+00:00,https://boutique.bancosantander.es/es/Cat%C3%A1logo/Electr%C3%B3nica/Tablets/Galaxy-Tab-A11%2B/p/SM-X230NZAREUB?previousPriceSelected=renting,Galaxy Tab A11+ Wifi
ES,Santander Boutique,santander_boutique,Samsung,Samsung,tablet,Samsung Galaxy Tab A11+ Wifi,128,renting_no_insurance,24.99,"24,99 â‚¬",EUR/month,36,True,santander_api_live,2026-02-18T11:20:36.004606+00:00,https://boutique.bancosantander.es/es/Cat%C3%A1logo/Electr%C3%B3nica/Tablets/Galaxy-Tab-A11%2B/p/SM-X230NZAREUB?previousPriceSelected=renting,Galaxy Tab A11+ Wifi
ES,Santander Boutique,santander_boutique,Samsung,Samsung,mobile,Samsung Galaxy S25 Ultra,256,renting_with_insurance,40.35,40.35 â‚¬,EUR/month,48,True,santander_api_live,2026-02-18T11:20:37.455439+00:00,https://boutique.bancosantander.es/es/Cat%C3%A1logo/Electr%C3%B3nica/M%C3%B3viles/Galaxy-S25-Ultra/p/SM-S938BZKDEUB?previousPriceSelected=renting,Galaxy S25 Ultra
ES,Santander Boutique,santander_boutique,Samsung,Samsung,mobile,Samsung Galaxy S25 Ultra,256,renting_with_insurance,44.5,44.50 â‚¬,EUR/month,36,True,santander_api_live,2026-02-18T11:20:37.455439+00:00,https://boutique.bancosantander.es/es/Cat%C3%A1logo/Electr%C3%B3nica/M%C3%B3viles/Galaxy-S25-Ultra/p/SM-S938BZKDEUB?previousPriceSelected=renting,Galaxy S25 Ultra
ES,Santander Boutique,santander_boutique,Samsung,Samsung,mobile,Samsung Galaxy S25 Ultra,256,renting_with_insurance,55.65,55.65 â‚¬,EUR/month,24,True,santander_api_live,2026-02-18T11:20:37.455439+00:00,https://boutique.bancosantander.es/es/Cat%C3%A1logo/Electr%C3%B3nica/M%C3%B3viles/Galaxy-S25-Ultra/p/SM-S938BZKDEUB?previousPriceSelected=renting,Galaxy S25 Ultra
ES,Santander Boutique,santander_boutique,Samsung,Samsung,mobile,Samsung Galaxy S25 Ultra,256,financing_max_term,37.77,37.77 â‚¬,EUR/month,30,True,santander_api_live,2026-02-18T11:20:37.455439+00:00,https://boutique.bancosantander.es/es/Cat%C3%A1logo/Electr%C3%B3nica/M%C3%B3viles/Galaxy-S25-Ultra/p/SM-S938BZKDEUB?previousPriceSelected=renting,Galaxy S25 Ultra
ES,Santander Boutique,santander_boutique,Samsung,Samsung,mobile,Samsung Galaxy S25 Ultra,256,financing_max_term,43.83,43.83 â‚¬,EUR/month,24,True,santander_api_live,2026-02-18T11:20:37.455439+00:00,https://boutique.bancosantander.es/es/Cat%C3%A1logo/Electr%C3%B3nica/M%C3%B3viles/Galaxy-S25-Ultra/p/SM-S938BZKDEUB?previousPriceSelected=renting,Galaxy S25 Ultra
ES,Santander Boutique,santander_boutique,Samsung,Samsung,mobile,Samsung Galaxy S25 Ultra,256,financing_max_term,56.83,56.83 â‚¬,EUR/month,18,True,santander_api_live,2026-02-18T11:20:37.455439+00:00,https://boutique.bancosantander.es/es/Cat%C3%A1logo/Electr%C3%B3nica/M%C3%B3viles/Galaxy-S25-Ultra/p/SM-S938BZKDEUB?previousPriceSelected=renting,Galaxy S25 Ultra
ES,Santander Boutique,santander_boutique,Samsung,Samsung,mobile,Samsung Galaxy S25 Ultra,256,financing_max_term,83.25,83.25 â‚¬,EUR/month,12,True,santander_api_live,2026-02-18T11:20:37.455439+00:00,https://boutique.bancosantander.es/es/Cat%C3%A1logo/Electr%C3%B3nica/M%C3%B3viles/Galaxy-S25-Ultra/p/SM-S938BZKDEUB?previousPriceSelected=renting,Galaxy S25 Ultra
ES,Santander Boutique,santander_boutique,Samsung,Samsung,mobile,Samsung Galaxy S25 Ultra,256,financing_max_term,166.5,166.50 â‚¬,EUR/month,6,True,santander_api_live,2026-02-18T11:20:37.455439+00:00,https://boutique.bancosantander.es/es/Cat%C3%A1logo/Electr%C3%B3nica/M%C3%B3viles/Galaxy-S25-Ultra/p/SM-S938BZKDEUB?previousPriceSelected=renting,Galaxy S25 Ultra
ES,Santander Boutique,santander_boutique,Samsung,Samsung,mobile,Samsung Galaxy S25 Ultra,256,financing_max_term,333.0,333.00 â‚¬,EUR/month,3,True,santander_api_live,2026-02-18T11:20:37.455439+00:00,https://boutique.bancosantander.es/es/Cat%C3%A1logo/Electr%C3%B3nica/M%C3%B3viles/Galaxy-S25-Ultra/p/SM-S938BZKDEUB?previousPriceSelected=renting,Galaxy S25 Ultra
ES,Santander Boutique,santander_boutique,Samsung,Samsung,mobile,Samsung Galaxy S25 Ultra,256,cash,999.0,999.00 â‚¬,EUR,,True,santander_api_live,2026-02-18T11:20:37.455439+00:00,https://boutique.bancosantander.es/es/Cat%C3%A1logo/Electr%C3%B3nica/M%C3%B3viles/Galaxy-S25-Ultra/p/SM-S938BZKDEUB?previousPriceSelected=renting,Galaxy S25 Ultra
ES,Santander Boutique,santander_boutique,Samsung,Samsung,mobile,Samsung Galaxy S25 Ultra,256,renting_no_insurance,24.99,"24,99 â‚¬",EUR/month,36,True,santander_api_live,2026-02-18T11:20:37.455439+00:00,https://boutique.bancosantander.es/es/Cat%C3%A1logo/Electr%C3%B3nica/M%C3%B3viles/Galaxy-S25-Ultra/p/SM-S938BZKDEUB?previousPriceSelected=renting,Galaxy S25 Ultra
ES,Santander Boutique,santander_boutique,Samsung,Samsung,tablet,Samsung Galaxy Tab S10 FE Wi-Fi,128,renting_no_insurance,24.95,24.95 â‚¬,EUR/month,24,True,santander_api_live,2026-02-18T11:20:37.502884+00:00,https://boutique.bancosantander.es/es/Cat%C3%A1logo/Electr%C3%B3nica/Tablets/Galaxy-Tab-S10-FE-Wi-Fi-128GB-Gris/p/SM-X520NZAREUB?previousPriceSelected=renting,Galaxy Tab S10 FE Wi-Fi
ES,Santander Boutique,santander_boutique,Samsung,Samsung,tablet,Samsung Galaxy Tab S10 FE Wi-Fi,128,renting_no_insurance,19.59,19.59 â‚¬,EUR/month,36,True,santander_api_live,2026-02-18T11:20:37.502884+00:00,https://boutique.bancosantander.es/es/Cat%C3%A1logo/Electr%C3%B3nica/Tablets/Galaxy-Tab-S10-FE-Wi-Fi-128GB-Gris/p/SM-X520NZAREUB?previousPriceSelected=renting,Galaxy Tab S10 FE Wi-Fi
ES,Santander Boutique,santander_boutique,Samsung,Samsung,tablet,Samsung Galaxy Tab S10 FE Wi-Fi,128,renting_with_insurance,21.47,21.47 â‚¬,EUR/month,36,True,santander_api_live,2026-02-18T11:20:37.502884+00:00,https://boutique.bancosantander.es/es/Cat%C3%A1logo/Electr%C3%B3nica/Tablets/Galaxy-Tab-S10-FE-Wi-Fi-128GB-Gris/p/SM-X520NZAREUB?previousPriceSelected=renting,Galaxy Tab S10 FE Wi-Fi
ES,Santander Boutique,santander_boutique,Samsung,Samsung,tablet,Samsung Galaxy Tab S10 FE Wi-Fi,128,renting_with_insurance,26.85,26.85 â‚¬,EUR/month,24,True,santander_api_live,2026-02-18T11:20:37.502884+00:00,https://boutique.bancosantander.es/es/Cat%C3%A1logo/Electr%C3%B3nica/Tablets/Galaxy-Tab-S10-FE-Wi-Fi-128GB-Gris/p/SM-X520NZAREUB?previousPriceSelected=renting,Galaxy Tab S10 FE Wi-Fi
ES,Santander Boutique,santander_boutique,Samsung,Samsung,tablet,Samsung Galaxy Tab S10 FE Wi-Fi,128,financing_max_term,21.89,21.89 â‚¬,EUR/month,30,True,santander_api_live,2026-02-18T11:20:37.502884+00:00,https://boutique.bancosantander.es/es/Cat%C3%A1logo/Electr%C3%B3nica/Tablets/Galaxy-Tab-S10-FE-Wi-Fi-128GB-Gris/p/SM-X520NZAREUB?previousPriceSelected=renting,Galaxy Tab S10 FE Wi-Fi
ES,Santander Boutique,santander_boutique,Samsung,Samsung,tablet,Samsung Galaxy Tab S10 FE Wi-Fi,128,financing_max_term,25.4,25.40 â‚¬,EUR/month,24,True,santander_api_live,2026-02-18T11:20:37.502884+00:00,https://boutique.bancosantander.es/es/Cat%C3%A1logo/Electr%C3%B3nica/Tablets/Galaxy-Tab-S10-FE-Wi-Fi-128GB-Gris/p/SM-X520NZAREUB?previousPriceSelected=renting,Galaxy Tab S10 FE Wi-Fi
ES,Santander Boutique,santander_boutique,Samsung,Samsung,tablet,Samsung Galaxy Tab S10 FE Wi-Fi,128,financing_max_term,32.94,32.94 â‚¬,EUR/month,18,True,santander_api_live,2026-02-18T11:20:37.502884+00:00,https://boutique.bancosantander.es/es/Cat%C3%A1logo/Electr%C3%B3nica/Tablets/Galaxy-Tab-S10-FE-Wi-Fi-128GB-Gris/p/SM-X520NZAREUB?previousPriceSelected=renting,Galaxy Tab S10 FE Wi-Fi
ES,Santander Boutique,santander_boutique,Samsung,Samsung,tablet,Samsung Galaxy Tab S10 FE Wi-Fi,128,financing_max_term,48.25,48.25 â‚¬,EUR/month,12,True,santander_api_live,2026-02-18T11:20:37.502884+00:00,https://boutique.bancosantander.es/es/Cat%C3%A1logo/Electr%C3%B3nica/Tablets/Galaxy-Tab-S10-FE-Wi-Fi-128GB-Gris/p/SM-X520NZAREUB?previousPriceSelected=renting,Galaxy Tab S10 FE Wi-Fi
ES,Santander Boutique,santander_boutique,Samsung,Samsung,tablet,Samsung Galaxy Tab S10 FE Wi-Fi,128,financing_max_term,96.5,96.50 â‚¬,EUR/month,6,True,santander_api_live,2026-02-18T11:20:37.502884+00:00,https://boutique.bancosantander.es/es/Cat%C3%A1logo/Electr%C3%B3nica/Tablets/Galaxy-Tab-S10-FE-Wi-Fi-128GB-Gris/p/SM-X520NZAREUB?previousPriceSelected=renting,Galaxy Tab S10 FE Wi-Fi
ES,Santander Boutique,santander_boutique,Samsung,Samsung,tablet,Samsung Galaxy Tab S10 FE Wi-Fi,128,financing_max_term,193.0,193.00 â‚¬,EUR/month,3,True,santander_api_live,2026-02-18T11:20:37.502884+00:00,https://boutique.bancosantander.es/es/Cat%C3%A1logo/Electr%C3%B3nica/Tablets/Galaxy-Tab-S10-FE-Wi-Fi-128GB-Gris/p/SM-X520NZAREUB?previousPriceSelected=renting,Galaxy Tab S10 FE Wi-Fi
ES,Santander Boutique,santander_boutique,Samsung,Samsung,tablet,Samsung Galaxy Tab S10 FE Wi-Fi,128,cash,579.0,579.00 â‚¬,EUR,,True,santander_api_live,2026-02-18T11:20:37.502884+00:00,https://boutique.bancosantander.es/es/Cat%C3%A1logo/Electr%C3%B3nica/Tablets/Galaxy-Tab-S10-FE-Wi-Fi-128GB-Gris/p/SM-X520NZAREUB?previousPriceSelected=renting,Galaxy Tab S10 FE Wi-Fi
ES,Santander Boutique,santander_boutique,Samsung,Samsung,mobile,Samsung Galaxy A17 5G,128,renting_with_insurance,7.3,7.30 â‚¬,EUR/month,36,True,santander_api_live,2026-02-18T11:20:39.021686+00:00,https://boutique.bancosantander.es/es/Cat%C3%A1logo/Electr%C3%B3nica/M%C3%B3viles/Galaxy-A17-5G/p/SM-A176BZKAEUB?previousPriceSelected=renting,Galaxy A17 5G
ES,Santander Boutique,santander_boutique,Samsung,Samsung,mobile,Samsung Galaxy A17 5G,128,renting_with_insurance,9.2,9.20 â‚¬,EUR/month,24,True,santander_api_live,2026-02-18T11:20:39.021686+00:00,https://boutique.bancosantander.es/es/Cat%C3%A1logo/Electr%C3%B3nica/M%C3%B3viles/Galaxy-A17-5G/p/SM-A176BZKAEUB?previousPriceSelected=renting,Galaxy A17 5G
ES,Santander Boutique,santander_boutique,Samsung,Samsung,mobile,Samsung Galaxy A17 5G,128,renting_no_insurance,24.99,"24,99 â‚¬",EUR/month,36,True,santander_api_live,2026-02-18T11:20:39.021686+00:00,https://boutique.bancosantander.es/es/Cat%C3%A1logo/Electr%C3%B3nica/M%C3%B3viles/Galaxy-A17-5G/p/SM-A176BZKAEUB?previousPriceSelected=renting,Galaxy A17 5G
ES,Santander Boutique,santander_boutique,Samsung,Samsung,tablet,Samsung Galaxy Tab S11 Ultra wifi,256,renting_with_insurance,43.75,43.75 â‚¬,EUR/month,48,True,santander_api_live,2026-02-18T11:20:40.534422+00:00,https://boutique.bancosantander.es/es/Cat%C3%A1logo/Electr%C3%B3nica/Tablets/Galaxy-Tab-S11-Ultra-wifi---256gb/p/SM-X930NZAREUB?previousPriceSelected=renting,Galaxy Tab S11 Ultra wifi - 256gb
ES,Santander Boutique,santander_boutique,Samsung,Samsung,tablet,Samsung Galaxy Tab S11 Ultra wifi,256,renting_with_insurance,48.15,48.15 â‚¬,EUR/month,36,True,santander_api_live,2026-02-18T11:20:40.534422+00:00,https://boutique.bancosantander.es/es/Cat%C3%A1logo/Electr%C3%B3nica/Tablets/Galaxy-Tab-S11-Ultra-wifi---256gb/p/SM-X930NZAREUB?previousPriceSelected=renting,Galaxy Tab S11 Ultra wifi - 256gb
ES,Santander Boutique,santander_boutique,Samsung,Samsung,tablet,Samsung Galaxy Tab S11 Ultra wifi,256,renting_with_insurance,60.25,60.25 â‚¬,EUR/month,24,True,santander_api_live,2026-02-18T11:20:40.534422+00:00,https://boutique.bancosantander.es/es/Cat%C3%A1logo/Electr%C3%B3nica/Tablets/Galaxy-Tab-S11-Ultra-wifi---256gb/p/SM-X930NZAREUB?previousPriceSelected=renting,Galaxy Tab S11 Ultra wifi - 256gb
ES,Santander Boutique,santander_boutique,Samsung,Samsung,tablet,Samsung Galaxy Tab S11 Ultra wifi,256,financing_max_term,49.12,49.12 â‚¬,EUR/month,30,True,santander_api_live,2026-02-18T11:20:40.534422+00:00,https://boutique.bancosantander.es/es/Cat%C3%A1logo/Electr%C3%B3nica/Tablets/Galaxy-Tab-S11-Ultra-wifi---256gb/p/SM-X930NZAREUB?previousPriceSelected=renting,Galaxy Tab S11 Ultra wifi - 256gb
ES,Santander Boutique,santander_boutique,Samsung,Samsung,tablet,Samsung Galaxy Tab S11 Ultra wifi,256,financing_max_term,56.99,56.99 â‚¬,EUR/month,24,True,santander_api_live,2026-02-18T11:20:40.534422+00:00,https://boutique.bancosantander.es/es/Cat%C3%A1logo/Electr%C3%B3nica/Tablets/Galaxy-Tab-S11-Ultra-wifi---256gb/p/SM-X930NZAREUB?previousPriceSelected=renting,Galaxy Tab S11 Ultra wifi - 256gb
ES,Santander Boutique,santander_boutique,Samsung,Samsung,tablet,Samsung Galaxy Tab S11 Ultra wifi,256,financing_max_term,73.89,73.89 â‚¬,EUR/month,18,True,santander_api_live,2026-02-18T11:20:40.534422+00:00,https://boutique.bancosantander.es/es/Cat%C3%A1logo/Electr%C3%B3nica/Tablets/Galaxy-Tab-S11-Ultra-wifi---256gb/p/SM-X930NZAREUB?previousPriceSelected=renting,Galaxy Tab S11 Ultra wifi - 256gb
ES,Santander Boutique,santander_boutique,Samsung,Samsung,tablet,Samsung Galaxy Tab S11 Ultra wifi,256,financing_max_term,108.25,108.25 â‚¬,EUR/month,12,True,santander_api_live,2026-02-18T11:20:40.534422+00:00,https://boutique.bancosantander.es/es/Cat%C3%A1logo/Electr%C3%B3nica/Tablets/Galaxy-Tab-S11-Ultra-wifi---256gb/p/SM-X930NZAREUB?previousPriceSelected=renting,Galaxy Tab S11 Ultra wifi - 256gb
ES,Santander Boutique,santander_boutique,Samsung,Samsung,tablet,Samsung Galaxy Tab S11 Ultra wifi,256,financing_max_term,216.5,216.50 â‚¬,EUR/month,6,True,santander_api_live,2026-02-18T11:20:40.534422+00:00,https://boutique.bancosantander.es/es/Cat%C3%A1logo/Electr%C3%B3nica/Tablets/Galaxy-Tab-S11-Ultra-wifi---256gb/p/SM-X930NZAREUB?previousPriceSelected=renting,Galaxy Tab S11 Ultra wifi - 256gb
ES,Santander Boutique,santander_boutique,Samsung,Samsung,tablet,Samsung Galaxy Tab S11 Ultra wifi,256,financing_max_term,433.0,433.00 â‚¬,EUR/month,3,True,santander_api_live,2026-02-18T11:20:40.534422+00:00,https://boutique.bancosantander.es/es/Cat%C3%A1logo/Electr%C3%B3nica/Tablets/Galaxy-Tab-S11-Ultra-wifi---256gb/p/SM-X930NZAREUB?previousPriceSelected=renting,Galaxy Tab S11 Ultra wifi - 256gb
ES,Santander Boutique,santander_boutique,Samsung,Samsung,tablet,Samsung Galaxy Tab S11 Ultra wifi,256,cash,1299.0,1299.00 â‚¬,EUR,,True,santander_api_live,2026-02-18T11:20:40.534422+00:00,https://boutique.bancosantander.es/es/Cat%C3%A1logo/Electr%C3%B3nica/Tablets/Galaxy-Tab-S11-Ultra-wifi---256gb/p/SM-X930NZAREUB?previousPriceSelected=renting,Galaxy Tab S11 Ultra wifi - 256gb
ES,Santander Boutique,santander_boutique,Samsung,Samsung,tablet,Samsung Galaxy Tab S11 Ultra wifi,256,renting_no_insurance,24.99,"24,99 â‚¬",EUR/month,36,True,santander_api_live,2026-02-18T11:20:40.534422+00:00,https://boutique.bancosantander.es/es/Cat%C3%A1logo/Electr%C3%B3nica/Tablets/Galaxy-Tab-S11-Ultra-wifi---256gb/p/SM-X930NZAREUB?previousPriceSelected=renting,Galaxy Tab S11 Ultra wifi - 256gb
ES,Santander Boutique,santander_boutique,Samsung,Samsung,mobile,Samsung Galaxy A56 5G,128,renting_no_insurance,15.54,15.54 â‚¬,EUR/month,36,True,santander_api_live,2026-02-18T11:20:40.590167+00:00,https://boutique.bancosantander.es/es/Cat%C3%A1logo/Electr%C3%B3nica/M%C3%B3viles/Galaxy-A56-5G-128GB/p/SM-A566BZKAEEB?previousPriceSelected=renting,Galaxy A56 5G 128GB
ES,Santander Boutique,santander_boutique,Samsung,Samsung,mobile,Samsung Galaxy A56 5G,128,renting_with_insurance,17.0,17.00 â‚¬,EUR/month,36,True,santander_api_live,2026-02-18T11:20:40.590167+00:00,https://boutique.bancosantander.es/es/Cat%C3%A1logo/Electr%C3%B3nica/M%C3%B3viles/Galaxy-A56-5G-128GB/p/SM-A566BZKAEEB?previousPriceSelected=renting,Galaxy A56 5G 128GB
ES,Santander Boutique,santander_boutique,Samsung,Samsung,mobile,Samsung Galaxy A56 5G,128,renting_no_insurance,19.75,19.75 â‚¬,EUR/month,24,True,santander_api_live,2026-02-18T11:20:40.590167+00:00,https://boutique.bancosantander.es/es/Cat%C3%A1logo/Electr%C3%B3nica/M%C3%B3viles/Galaxy-A56-5G-128GB/p/SM-A566BZKAEEB?previousPriceSelected=renting,Galaxy A56 5G 128GB
ES,Santander Boutique,santander_boutique,Samsung,Samsung,mobile,Samsung Galaxy A56 5G,128,renting_with_insurance,21.3,21.30 â‚¬,EUR/month,24,True,santander_api_live,2026-02-18T11:20:40.590167+00:00,https://boutique.bancosantander.es/es/Cat%C3%A1logo/Electr%C3%B3nica/M%C3%B3viles/Galaxy-A56-5G-128GB/p/SM-A566BZKAEEB?previousPriceSelected=renting,Galaxy A56 5G 128GB
ES,Santander Boutique,santander_boutique,Samsung,Samsung,mobile,Samsung Galaxy A56 5G,128,financing_max_term,15.09,15.09 â‚¬,EUR/month,30,True,santander_api_live,2026-02-18T11:20:40.590167+00:00,https://boutique.bancosantander.es/es/Cat%C3%A1logo/Electr%C3%B3nica/M%C3%B3viles/Galaxy-A56-5G-128GB/p/SM-A566BZKAEEB?previousPriceSelected=renting,Galaxy A56 5G 128GB
ES,Santander Boutique,santander_boutique,Samsung,Samsung,mobile,Samsung Galaxy A56 5G,128,financing_max_term,17.5,17.50 â‚¬,EUR/month,24,True,santander_api_live,2026-02-18T11:20:40.590167+00:00,https://boutique.bancosantander.es/es/Cat%C3%A1logo/Electr%C3%B3nica/M%C3%B3viles/Galaxy-A56-5G-128GB/p/SM-A566BZKAEEB?previousPriceSelected=renting,Galaxy A56 5G 128GB
ES,Santander Boutique,santander_boutique,Samsung,Samsung,mobile,Samsung Galaxy A56 5G,128,financing_max_term,22.7,22.70 â‚¬,EUR/month,18,True,santander_api_live,2026-02-18T11:20:40.590167+00:00,https://boutique.bancosantander.es/es/Cat%C3%A1logo/Electr%C3%B3nica/M%C3%B3viles/Galaxy-A56-5G-128GB/p/SM-A566BZKAEEB?previousPriceSelected=renting,Galaxy A56 5G 128GB
ES,Santander Boutique,santander_boutique,Samsung,Samsung,mobile,Samsung Galaxy A56 5G,128,financing_max_term,33.25,33.25 â‚¬,EUR/month,12,True,santander_api_live,2026-02-18T11:20:40.590167+00:00,https://boutique.bancosantander.es/es/Cat%C3%A1logo/Electr%C3%B3nica/M%C3%B3viles/Galaxy-A56-5G-128GB/p/SM-A566BZKAEEB?previousPriceSelected=renting,Galaxy A56 5G 128GB
ES,Santander Boutique,santander_boutique,Samsung,Samsung,mobile,Samsung Galaxy A56 5G,128,financing_max_term,66.5,66.50 â‚¬,EUR/month,6,True,santander_api_live,2026-02-18T11:20:40.590167+00:00,https://boutique.bancosantander.es/es/Cat%C3%A1logo/Electr%C3%B3nica/M%C3%B3viles/Galaxy-A56-5G-128GB/p/SM-A566BZKAEEB?previousPriceSelected=renting,Galaxy A56 5G 128GB
ES,Santander Boutique,santander_boutique,Samsung,Samsung,mobile,Samsung Galaxy A56 5G,128,financing_max_term,133.0,133.00 â‚¬,EUR/month,3,True,santander_api_live,2026-02-18T11:20:40.590167+00:00,https://boutique.bancosantander.es/es/Cat%C3%A1logo/Electr%C3%B3nica/M%C3%B3viles/Galaxy-A56-5G-128GB/p/SM-A566BZKAEEB?previousPriceSelected=renting,Galaxy A56 5G 128GB
ES,Santander Boutique,santander_boutique,Samsung,Samsung,mobile,Samsung Galaxy A56 5G,128,cash,399.0,399.00 â‚¬,EUR,,True,santander_api_live,2026-02-18T11:20:40.590167+00:00,https://boutique.bancosantander.es/es/Cat%C3%A1logo/Electr%C3%B3nica/M%C3%B3viles/Galaxy-A56-5G-128GB/p/SM-A566BZKAEEB?previousPriceSelected=renting,Galaxy A56 5G 128GB
ES,Santander Boutique,santander_boutique,Samsung,Samsung,tablet,Samsung Galaxy Tab S10 Lite WiFi,128,renting_with_insurance,12.75,12.75 â‚¬,EUR/month,48,True,santander_api_live,2026-02-18T11:20:42.062084+00:00,https://boutique.bancosantander.es/es/Cat%C3%A1logo/Electr%C3%B3nica/Tablets/Galaxy-Tab-S10-Lite-128GB/p/SM-X400NZAREUB?previousPriceSelected=renting,Galaxy Tab S10 Lite WiFi 128GB
ES,Santander Boutique,santander_boutique,Samsung,Samsung,tablet,Samsung Galaxy Tab S10 Lite WiFi,128,renting_with_insurance,14.05,14.05 â‚¬,EUR/month,36,True,santander_api_live,2026-02-18T11:20:42.062084+00:00,https://boutique.bancosantander.es/es/Cat%C3%A1logo/Electr%C3%B3nica/Tablets/Galaxy-Tab-S10-Lite-128GB/p/SM-X400NZAREUB?previousPriceSelected=renting,Galaxy Tab S10 Lite WiFi 128GB
ES,Santander Boutique,santander_boutique,Samsung,Samsung,tablet,Samsung Galaxy Tab S10 Lite WiFi,128,renting_with_insurance,17.59,17.59 â‚¬,EUR/month,24,True,santander_api_live,2026-02-18T11:20:42.062084+00:00,https://boutique.bancosantander.es/es/Cat%C3%A1logo/Electr%C3%B3nica/Tablets/Galaxy-Tab-S10-Lite-128GB/p/SM-X400NZAREUB?previousPriceSelected=renting,Galaxy Tab S10 Lite WiFi 128GB
ES,Santander Boutique,santander_boutique,Samsung,Samsung,tablet,Samsung Galaxy Tab S10 Lite WiFi,128,financing_max_term,14.33,14.33 â‚¬,EUR/month,30,True,santander_api_live,2026-02-18T11:20:42.062084+00:00,https://boutique.bancosantander.es/es/Cat%C3%A1logo/Electr%C3%B3nica/Tablets/Galaxy-Tab-S10-Lite-128GB/p/SM-X400NZAREUB?previousPriceSelected=renting,Galaxy Tab S10 Lite WiFi 128GB
ES,Santander Boutique,santander_boutique,Samsung,Samsung,tablet,Samsung Galaxy Tab S10 Lite WiFi,128,financing_max_term,16.63,16.63 â‚¬,EUR/month,24,True,santander_api_live,2026-02-18T11:20:42.062084+00:00,https://boutique.bancosantander.es/es/Cat%C3%A1logo/Electr%C3%B3nica/Tablets/Galaxy-Tab-S10-Lite-128GB/p/SM-X400NZAREUB?previousPriceSelected=renting,Galaxy Tab S10 Lite WiFi 128GB
ES,Santander Boutique,santander_boutique,Samsung,Samsung,tablet,Samsung Galaxy Tab S10 Lite WiFi,128,financing_max_term,21.56,21.56 â‚¬,EUR/month,18,True,santander_api_live,2026-02-18T11:20:42.062084+00:00,https://boutique.bancosantander.es/es/Cat%C3%A1logo/Electr%C3%B3nica/Tablets/Galaxy-Tab-S10-Lite-128GB/p/SM-X400NZAREUB?previousPriceSelected=renting,Galaxy Tab S10 Lite WiFi 128GB
ES,Santander Boutique,santander_boutique,Samsung,Samsung,tablet,Samsung Galaxy Tab S10 Lite WiFi,128,financing_max_term,31.58,31.58 â‚¬,EUR/month,12,True,santander_api_live,2026-02-18T11:20:42.062084+00:00,https://boutique.bancosantander.es/es/Cat%C3%A1logo/Electr%C3%B3nica/Tablets/Galaxy-Tab-S10-Lite-128GB/p/SM-X400NZAREUB?previousPriceSelected=renting,Galaxy Tab S10 Lite WiFi 128GB
ES,Santander Boutique,santander_boutique,Samsung,Samsung,tablet,Samsung Galaxy Tab S10 Lite WiFi,128,financing_max_term,63.17,63.17 â‚¬,EUR/month,6,True,santander_api_live,2026-02-18T11:20:42.062084+00:00,https://boutique.bancosantander.es/es/Cat%C3%A1logo/Electr%C3%B3nica/Tablets/Galaxy-Tab-S10-Lite-128GB/p/SM-X400NZAREUB?previousPriceSelected=renting,Galaxy Tab S10 Lite WiFi 128GB
ES,Santander Boutique,santander_boutique,Samsung,Samsung,tablet,Samsung Galaxy Tab S10 Lite WiFi,128,financing_max_term,126.33,126.33 â‚¬,EUR/month,3,True,santander_api_live,2026-02-18T11:20:42.062084+00:00,https://boutique.bancosantander.es/es/Cat%C3%A1logo/Electr%C3%B3nica/Tablets/Galaxy-Tab-S10-Lite-128GB/p/SM-X400NZAREUB?previousPriceSelected=renting,Galaxy Tab S10 Lite WiFi 128GB
ES,Santander Boutique,santander_boutique,Samsung,Samsung,tablet,Samsung Galaxy Tab S10 Lite WiFi,128,cash,379.0,379.00 â‚¬,EUR,,True,santander_api_live,2026-02-18T11:20:42.062084+00:00,https://boutique.bancosantander.es/es/Cat%C3%A1logo/Electr%C3%B3nica/Tablets/Galaxy-Tab-S10-Lite-128GB/p/SM-X400NZAREUB?previousPriceSelected=renting,Galaxy Tab S10 Lite WiFi 128GB
ES,Santander Boutique,santander_boutique,Samsung,Samsung,tablet,Samsung Galaxy Tab S10 Lite WiFi,128,renting_no_insurance,24.99,"24,99 â‚¬",EUR/month,36,True,santander_api_live,2026-02-18T11:20:42.062084+00:00,https://boutique.bancosantander.es/es/Cat%C3%A1logo/Electr%C3%B3nica/Tablets/Galaxy-Tab-S10-Lite-128GB/p/SM-X400NZAREUB?previousPriceSelected=renting,Galaxy Tab S10 Lite WiFi 128GB
ES,Santander Boutique,santander_boutique,Samsung,Samsung,mobile,Samsung Galaxy A36 5G,128,renting_no_insurance,12.12,12.12 â‚¬,EUR/month,36,True,santander_api_live,2026-02-18T11:20:42.156180+00:00,https://boutique.bancosantander.es/es/Cat%C3%A1logo/Electr%C3%B3nica/M%C3%B3viles/Galaxy-A36-5G-128GB/p/SM-A366BZKBEEB?previousPriceSelected=renting,Galaxy A36 5G 128GB
ES,Santander Boutique,santander_boutique,Samsung,Samsung,mobile,Samsung Galaxy A36 5G,128,renting_with_insurance,13.3,13.30 â‚¬,EUR/month,36,True,santander_api_live,2026-02-18T11:20:42.156180+00:00,https://boutique.bancosantander.es/es/Cat%C3%A1logo/Electr%C3%B3nica/M%C3%B3viles/Galaxy-A36-5G-128GB/p/SM-A366BZKBEEB?previousPriceSelected=renting,Galaxy A36 5G 128GB
ES,Santander Boutique,santander_boutique,Samsung,Samsung,mobile,Samsung Galaxy A36 5G,128,renting_no_insurance,15.45,15.45 â‚¬,EUR/month,24,True,santander_api_live,2026-02-18T11:20:42.156180+00:00,https://boutique.bancosantander.es/es/Cat%C3%A1logo/Electr%C3%B3nica/M%C3%B3viles/Galaxy-A36-5G-128GB/p/SM-A366BZKBEEB?previousPriceSelected=renting,Galaxy A36 5G 128GB
ES,Santander Boutique,santander_boutique,Samsung,Samsung,mobile,Samsung Galaxy A36 5G,128,renting_with_insurance,16.65,16.65 â‚¬,EUR/month,24,True,santander_api_live,2026-02-18T11:20:42.156180+00:00,https://boutique.bancosantander.es/es/Cat%C3%A1logo/Electr%C3%B3nica/M%C3%B3viles/Galaxy-A36-5G-128GB/p/SM-A366BZKBEEB?previousPriceSelected=renting,Galaxy A36 5G 128GB
ES,Santander Boutique,santander_boutique,Samsung,Samsung,mobile,Samsung Galaxy A36 5G,128,financing_max_term,12.06,12.06 â‚¬,EUR/month,30,True,santander_api_live,2026-02-18T11:20:42.156180+00:00,https://boutique.bancosantander.es/es/Cat%C3%A1logo/Electr%C3%B3nica/M%C3%B3viles/Galaxy-A36-5G-128GB/p/SM-A366BZKBEEB?previousPriceSelected=renting,Galaxy A36 5G 128GB
ES,Santander Boutique,santander_boutique,Samsung,Samsung,mobile,Samsung Galaxy A36 5G,128,financing_max_term,13.99,13.99 â‚¬,EUR/month,24,True,santander_api_live,2026-02-18T11:20:42.156180+00:00,https://boutique.bancosantander.es/es/Cat%C3%A1logo/Electr%C3%B3nica/M%C3%B3viles/Galaxy-A36-5G-128GB/p/SM-A366BZKBEEB?previousPriceSelected=renting,Galaxy A36 5G 128GB
ES,Santander Boutique,santander_boutique,Samsung,Samsung,mobile,Samsung Galaxy A36 5G,128,financing_max_term,18.15,18.15 â‚¬,EUR/month,18,True,santander_api_live,2026-02-18T11:20:42.156180+00:00,https://boutique.bancosantander.es/es/Cat%C3%A1logo/Electr%C3%B3nica/M%C3%B3viles/Galaxy-A36-5G-128GB/p/SM-A366BZKBEEB?previousPriceSelected=renting,Galaxy A36 5G 128GB
ES,Santander Boutique,santander_boutique,Samsung,Samsung,mobile,Samsung Galaxy A36 5G,128,financing_max_term,26.58,26.58 â‚¬,EUR/month,12,True,santander_api_live,2026-02-18T11:20:42.156180+00:00,https://boutique.bancosantander.es/es/Cat%C3%A1logo/Electr%C3%B3nica/M%C3%B3viles/Galaxy-A36-5G-128GB/p/SM-A366BZKBEEB?previousPriceSelected=renting,Galaxy A36 5G 128GB
ES,Santander Boutique,santander_boutique,Samsung,Samsung,mobile,Samsung Galaxy A36 5G,128,financing_max_term,53.17,53.17 â‚¬,EUR/month,6,True,santander_api_live,2026-02-18T11:20:42.156180+00:00,https://boutique.bancosantander.es/es/Cat%C3%A1logo/Electr%C3%B3nica/M%C3%B3viles/Galaxy-A36-5G-128GB/p/SM-A366BZKBEEB?previousPriceSelected=renting,Galaxy A36 5G 128GB
ES,Santander Boutique,santander_boutique,Samsung,Samsung,mobile,Samsung Galaxy A36 5G,128,financing_max_term,106.33,106.33 â‚¬,EUR/month,3,True,santander_api_live,2026-02-18T11:20:42.156180+00:00,https://boutique.bancosantander.es/es/Cat%C3%A1logo/Electr%C3%B3nica/M%C3%B3viles/Galaxy-A36-5G-128GB/p/SM-A366BZKBEEB?previousPriceSelected=renting,Galaxy A36 5G 128GB
ES,Santander Boutique,santander_boutique,Samsung,Samsung,mobile,Samsung Galaxy A36 5G,128,cash,319.0,319.00 â‚¬,EUR,,True,santander_api_live,2026-02-18T11:20:42.156180+00:00,https://boutique.bancosantander.es/es/Cat%C3%A1logo/Electr%C3%B3nica/M%C3%B3viles/Galaxy-A36-5G-128GB/p/SM-A366BZKBEEB?previousPriceSelected=renting,Galaxy A36 5G 128GB
ES,Santander Boutique,santander_boutique,Samsung,Samsung,mobile,Samsung Galaxy S25 FE 5G,128,renting_with_insurance,24.85,24.85 â‚¬,EUR/month,48,True,santander_api_live,2026-02-18T11:20:43.571457+00:00,https://boutique.bancosantander.es/es/Cat%C3%A1logo/Electr%C3%B3nica/M%C3%B3viles/Galaxy-S25-FE-5G-128GB/p/SM-S731BZKDEEB?previousPriceSelected=renting,Galaxy S25 FE 5G
ES,Santander Boutique,santander_boutique,Samsung,Samsung,mobile,Samsung Galaxy S25 FE 5G,128,renting_with_insurance,27.39,27.39 â‚¬,EUR/month,36,True,santander_api_live,2026-02-18T11:20:43.571457+00:00,https://boutique.bancosantander.es/es/Cat%C3%A1logo/Electr%C3%B3nica/M%C3%B3viles/Galaxy-S25-FE-5G-128GB/p/SM-S731BZKDEEB?previousPriceSelected=renting,Galaxy S25 FE 5G
ES,Santander Boutique,santander_boutique,Samsung,Samsung,mobile,Samsung Galaxy S25 FE 5G,128,renting_with_insurance,34.3,34.30 â‚¬,EUR/month,24,True,santander_api_live,2026-02-18T11:20:43.571457+00:00,https://boutique.bancosantander.es/es/Cat%C3%A1logo/Electr%C3%B3nica/M%C3%B3viles/Galaxy-S25-FE-5G-128GB/p/SM-S731BZKDEEB?previousPriceSelected=renting,Galaxy S25 FE 5G
ES,Santander Boutique,santander_boutique,Samsung,Samsung,mobile,Samsung Galaxy S25 FE 5G,128,financing_max_term,25.3,25.30 â‚¬,EUR/month,30,True,santander_api_live,2026-02-18T11:20:43.571457+00:00,https://boutique.bancosantander.es/es/Cat%C3%A1logo/Electr%C3%B3nica/M%C3%B3viles/Galaxy-S25-FE-5G-128GB/p/SM-S731BZKDEEB?previousPriceSelected=renting,Galaxy S25 FE 5G
ES,Santander Boutique,santander_boutique,Samsung,Samsung,mobile,Samsung Galaxy S25 FE 5G,128,financing_max_term,29.35,29.35 â‚¬,EUR/month,24,True,santander_api_live,2026-02-18T11:20:43.571457+00:00,https://boutique.bancosantander.es/es/Cat%C3%A1logo/Electr%C3%B3nica/M%C3%B3viles/Galaxy-S25-FE-5G-128GB/p/SM-S731BZKDEEB?previousPriceSelected=renting,Galaxy S25 FE 5G
ES,Santander Boutique,santander_boutique,Samsung,Samsung,mobile,Samsung Galaxy S25 FE 5G,128,financing_max_term,38.06,38.06 â‚¬,EUR/month,18,True,santander_api_live,2026-02-18T11:20:43.571457+00:00,https://boutique.bancosantander.es/es/Cat%C3%A1logo/Electr%C3%B3nica/M%C3%B3viles/Galaxy-S25-FE-5G-128GB/p/SM-S731BZKDEEB?previousPriceSelected=renting,Galaxy S25 FE 5G
ES,Santander Boutique,santander_boutique,Samsung,Samsung,mobile,Samsung Galaxy S25 FE 5G,128,financing_max_term,55.75,55.75 â‚¬,EUR/month,12,True,santander_api_live,2026-02-18T11:20:43.571457+00:00,https://boutique.bancosantander.es/es/Cat%C3%A1logo/Electr%C3%B3nica/M%C3%B3viles/Galaxy-S25-FE-5G-128GB/p/SM-S731BZKDEEB?previousPriceSelected=renting,Galaxy S25 FE 5G
ES,Santander Boutique,santander_boutique,Samsung,Samsung,mobile,Samsung Galaxy S25 FE 5G,128,financing_max_term,111.5,111.50 â‚¬,EUR/month,6,True,santander_api_live,2026-02-18T11:20:43.571457+00:00,https://boutique.bancosantander.es/es/Cat%C3%A1logo/Electr%C3%B3nica/M%C3%B3viles/Galaxy-S25-FE-5G-128GB/p/SM-S731BZKDEEB?previousPriceSelected=renting,Galaxy S25 FE 5G
ES,Santander Boutique,santander_boutique,Samsung,Samsung,mobile,Samsung Galaxy S25 FE 5G,128,financing_max_term,223.0,223.00 â‚¬,EUR/month,3,True,santander_api_live,2026-02-18T11:20:43.571457+00:00,https://boutique.bancosantander.es/es/Cat%C3%A1logo/Electr%C3%B3nica/M%C3%B3viles/Galaxy-S25-FE-5G-128GB/p/SM-S731BZKDEEB?previousPriceSelected=renting,Galaxy S25 FE 5G
ES,Santander Boutique,santander_boutique,Samsung,Samsung,mobile,Samsung Galaxy S25 FE 5G,128,cash,669.0,669.00 â‚¬,EUR,,True,santander_api_live,2026-02-18T11:20:43.571457+00:00,https://boutique.bancosantander.es/es/Cat%C3%A1logo/Electr%C3%B3nica/M%C3%B3viles/Galaxy-S25-FE-5G-128GB/p/SM-S731BZKDEEB?previousPriceSelected=renting,Galaxy S25 FE 5G
ES,Santander Boutique,santander_boutique,Samsung,Samsung,mobile,Samsung Galaxy Z Flip 7,256,renting_with_insurance,37.05,37.05 â‚¬,EUR/month,36,True,santander_api_live,2026-02-18T11:20:44.964313+00:00,https://boutique.bancosantander.es/es/Cat%C3%A1logo/Electr%C3%B3nica/M%C3%B3viles/Galaxy-Z-Flip-7/p/SM-F766BZKGEUB?previousPriceSelected=renting,Galaxy Z Flip 7
ES,Santander Boutique,santander_boutique,Samsung,Samsung,mobile,Samsung Galaxy Z Flip 7,256,renting_with_insurance,46.4,46.40 â‚¬,EUR/month,24,True,santander_api_live,2026-02-18T11:20:44.964313+00:00,https://boutique.bancosantander.es/es/Cat%C3%A1logo/Electr%C3%B3nica/M%C3%B3viles/Galaxy-Z-Flip-7/p/SM-F766BZKGEUB?previousPriceSelected=renting,Galaxy Z Flip 7
ES,Santander Boutique,santander_boutique,Samsung,Samsung,mobile,Samsung Galaxy Z Flip 7,256,financing_max_term,37.77,37.77 â‚¬,EUR/month,30,True,santander_api_live,2026-02-18T11:20:44.964313+00:00,https://boutique.bancosantander.es/es/Cat%C3%A1logo/Electr%C3%B3nica/M%C3%B3viles/Galaxy-Z-Flip-7/p/SM-F766BZKGEUB?previousPriceSelected=renting,Galaxy Z Flip 7
ES,Santander Boutique,santander_boutique,Samsung,Samsung,mobile,Samsung Galaxy Z Flip 7,256,financing_max_term,43.83,43.83 â‚¬,EUR/month,24,True,santander_api_live,2026-02-18T11:20:44.964313+00:00,https://boutique.bancosantander.es/es/Cat%C3%A1logo/Electr%C3%B3nica/M%C3%B3viles/Galaxy-Z-Flip-7/p/SM-F766BZKGEUB?previousPriceSelected=renting,Galaxy Z Flip 7
ES,Santander Boutique,santander_boutique,Samsung,Samsung,mobile,Samsung Galaxy Z Flip 7,256,financing_max_term,56.83,56.83 â‚¬,EUR/month,18,True,santander_api_live,2026-02-18T11:20:44.964313+00:00,https://boutique.bancosantander.es/es/Cat%C3%A1logo/Electr%C3%B3nica/M%C3%B3viles/Galaxy-Z-Flip-7/p/SM-F766BZKGEUB?previousPriceSelected=renting,Galaxy Z Flip 7
ES,Santander Boutique,santander_boutique,Samsung,Samsung,mobile,Samsung Galaxy Z Flip 7,256,financing_max_term,83.25,83.25 â‚¬,EUR/month,12,True,santander_api_live,2026-02-18T11:20:44.964313+00:00,https://boutique.bancosantander.es/es/Cat%C3%A1logo/Electr%C3%B3nica/M%C3%B3viles/Galaxy-Z-Flip-7/p/SM-F766BZKGEUB?previousPriceSelected=renting,Galaxy Z Flip 7
ES,Santander Boutique,santander_boutique,Samsung,Samsung,mobile,Samsung Galaxy Z Flip 7,256,financing_max_term,166.5,166.50 â‚¬,EUR/month,6,True,santander_api_live,2026-02-18T11:20:44.964313+00:00,https://boutique.bancosantander.es/es/Cat%C3%A1logo/Electr%C3%B3nica/M%C3%B3viles/Galaxy-Z-Flip-7/p/SM-F766BZKGEUB?previousPriceSelected=renting,Galaxy Z Flip 7
ES,Santander Boutique,santander_boutique,Samsung,Samsung,mobile,Samsung Galaxy Z Flip 7,256,financing_max_term,333.0,333.00 â‚¬,EUR/month,3,True,santander_api_live,2026-02-18T11:20:44.964313+00:00,https://boutique.bancosantander.es/es/Cat%C3%A1logo/Electr%C3%B3nica/M%C3%B3viles/Galaxy-Z-Flip-7/p/SM-F766BZKGEUB?previousPriceSelected=renting,Galaxy Z Flip 7
ES,Santander Boutique,santander_boutique,Samsung,Samsung,mobile,Samsung Galaxy Z Flip 7,256,cash,999.0,999.00 â‚¬,EUR,,True,santander_api_live,2026-02-18T11:20:44.964313+00:00,https://boutique.bancosantander.es/es/Cat%C3%A1logo/Electr%C3%B3nica/M%C3%B3viles/Galaxy-Z-Flip-7/p/SM-F766BZKGEUB?previousPriceSelected=renting,Galaxy Z Flip 7
ES,Santander Boutique,santander_boutique,Samsung,Samsung,mobile,Samsung Galaxy Z Fold 7,256,renting_with_insurance,72.3,72.30 â‚¬,EUR/month,36,True,santander_api_live,2026-02-18T11:20:46.717270+00:00,https://boutique.bancosantander.es/es/Cat%C3%A1logo/Electr%C3%B3nica/M%C3%B3viles/Galaxy-Z-Fold-7/p/SM-F966BZKBEUB?previousPriceSelected=renting,Galaxy Z Fold 7
ES,Santander Boutique,santander_boutique,Samsung,Samsung,mobile,Samsung Galaxy Z Fold 7,256,renting_with_insurance,90.45,90.45 â‚¬,EUR/month,24,True,santander_api_live,2026-02-18T11:20:46.717270+00:00,https://boutique.bancosantander.es/es/Cat%C3%A1logo/Electr%C3%B3nica/M%C3%B3viles/Galaxy-Z-Fold-7/p/SM-F966BZKBEUB?previousPriceSelected=renting,Galaxy Z Fold 7
ES,Santander Boutique,santander_boutique,Samsung,Samsung,mobile,Samsung Galaxy Z Fold 7,256,financing_max_term,73.69,73.69 â‚¬,EUR/month,30,True,santander_api_live,2026-02-18T11:20:46.717270+00:00,https://boutique.bancosantander.es/es/Cat%C3%A1logo/Electr%C3%B3nica/M%C3%B3viles/Galaxy-Z-Fold-7/p/SM-F966BZKBEUB?previousPriceSelected=renting,Galaxy Z Fold 7
ES,Santander Boutique,santander_boutique,Samsung,Samsung,mobile,Samsung Galaxy Z Fold 7,256,financing_max_term,85.51,85.51 â‚¬,EUR/month,24,True,santander_api_live,2026-02-18T11:20:46.717270+00:00,https://boutique.bancosantander.es/es/Cat%C3%A1logo/Electr%C3%B3nica/M%C3%B3viles/Galaxy-Z-Fold-7/p/SM-F966BZKBEUB?previousPriceSelected=renting,Galaxy Z Fold 7
ES,Santander Boutique,santander_boutique,Samsung,Samsung,mobile,Samsung Galaxy Z Fold 7,256,financing_max_term,110.87,110.87 â‚¬,EUR/month,18,True,santander_api_live,2026-02-18T11:20:46.717270+00:00,https://boutique.bancosantander.es/es/Cat%C3%A1logo/Electr%C3%B3nica/M%C3%B3viles/Galaxy-Z-Fold-7/p/SM-F966BZKBEUB?previousPriceSelected=renting,Galaxy Z Fold 7
ES,Santander Boutique,santander_boutique,Samsung,Samsung,mobile,Samsung Galaxy Z Fold 7,256,financing_max_term,162.42,162.42 â‚¬,EUR/month,12,True,santander_api_live,2026-02-18T11:20:46.717270+00:00,https://boutique.bancosantander.es/es/Cat%C3%A1logo/Electr%C3%B3nica/M%C3%B3viles/Galaxy-Z-Fold-7/p/SM-F966BZKBEUB?previousPriceSelected=renting,Galaxy Z Fold 7
ES,Santander Boutique,santander_boutique,Samsung,Samsung,mobile,Samsung Galaxy Z Fold 7,256,financing_max_term,324.83,324.83 â‚¬,EUR/month,6,True,santander_api_live,2026-02-18T11:20:46.717270+00:00,https://boutique.bancosantander.es/es/Cat%C3%A1logo/Electr%C3%B3nica/M%C3%B3viles/Galaxy-Z-Fold-7/p/SM-F966BZKBEUB?previousPriceSelected=renting,Galaxy Z Fold 7
ES,Santander Boutique,santander_boutique,Samsung,Samsung,mobile,Samsung Galaxy Z Fold 7,256,financing_max_term,649.67,649.67 â‚¬,EUR/month,3,True,santander_api_live,2026-02-18T11:20:46.717270+00:00,https://boutique.bancosantander.es/es/Cat%C3%A1logo/Electr%C3%B3nica/M%C3%B3viles/Galaxy-Z-Fold-7/p/SM-F966BZKBEUB?previousPriceSelected=renting,Galaxy Z Fold 7
ES,Santander Boutique,santander_boutique,Samsung,Samsung,mobile,Samsung Galaxy Z Fold 7,256,cash,1949.0,1949.00 â‚¬,EUR,,True,santander_api_live,2026-02-18T11:20:46.717270+00:00,https://boutique.bancosantander.es/es/Cat%C3%A1logo/Electr%C3%B3nica/M%C3%B3viles/Galaxy-Z-Fold-7/p/SM-F966BZKBEUB?previousPriceSelected=renting,Galaxy Z Fold 7
ES,Santander Boutique,santander_boutique,Samsung,Samsung,mobile,Samsung Galaxy Z Fold 7,256,renting_no_insurance,24.99,"24,99 â‚¬",EUR/month,36,True,santander_api_live,2026-02-18T11:20:46.717270+00:00,https://boutique.bancosantander.es/es/Cat%C3%A1logo/Electr%C3%B3nica/M%C3%B3viles/Galaxy-Z-Fold-7/p/SM-F966BZKBEUB?previousPriceSelected=renting,Galaxy Z Fold 7
ES,Amazon,amazon,Samsung,Samsung,mobile,Samsung Galaxy S25,256,cash,849.0,"849,00 â‚¬",EUR,,True,amazon_adapter_live,2026-02-18T11:21:22.171740+00:00,https://www.amazon.es/dp/B0DPXMJNV7,"Samsung Galaxy S25 256GB Teléfono Móvil con IA, Galaxy AI, 12GB RAM, Cámara 50MP, Dual SIM, IP68, Garantía del Fabricante 3 Años + 1 Año Extra, Color Gris (Versión Española) : Amazon.es: Electrónica"
ES,Amazon,amazon,Samsung,Samsung,tablet,Samsung Galaxy Tab A11+ Wifi,128,cash,186.9,"186,90 â‚¬",EUR,,True,amazon_adapter_live,2026-02-18T11:22:03.576199+00:00,https://www.amazon.es/dp/B0G2RM6DL6,"Samsung Galaxy Tab A11+ 11"" 6GB/128GB WiFi Gris (Gray) SM-X230 : Amazon.es: Informática"
ES,Amazon,amazon,Samsung,Samsung,mobile,Samsung Galaxy S25 Ultra,256,cash,909.99,"909,99 â‚¬",EUR,,True,amazon_adapter_live,2026-02-18T11:22:44.287422+00:00,https://www.amazon.es/dp/B0F2G9F3RH,"Smartphone Samsung Galaxy S25 Ultra 12 GB RAM 256 GB Negro Titanio 6,9"" Qualcomm Snapdragon 8 Elite - Marca: Samsung - EAN: 88060958...[Versiones italiano, húngaro, polaco, rumano, austriaco y suizo] : Amazon.es: Electrónica"
ES,Amazon,amazon,Samsung,Samsung,tablet,Samsung Galaxy Tab S10 FE Wi-Fi,128,cash,397.0,"397,00 â‚¬",EUR,,True,amazon_adapter_live,2026-02-18T11:23:23.655846+00:00,https://www.amazon.es/dp/B0F61R6M2F,Samsung X520 Galaxy Tab S10 FE WiFi (10.9'' - 8/128GB) Gray [versión Polaca] : Amazon.es: Informática
ES,Amazon,amazon,Samsung,Samsung,mobile,Samsung Galaxy A17 5G,128,cash,164.0,"164,00 â‚¬",EUR,,True,amazon_adapter_live,2026-02-18T11:24:05.008251+00:00,https://www.amazon.es/dp/B0FMJNHRVV,"Samsung Galaxy A17 5G, Dual, 128GB 4GB Ram, Black : Amazon.es: Electrónica"
ES,Amazon,amazon,Samsung,Samsung,tablet,Samsung Galaxy Tab S11 Ultra wifi,256,cash,977.79,"977,79 â‚¬",EUR,,True,amazon_adapter_live,2026-02-18T11:24:39.841907+00:00,https://www.amazon.es/dp/B0FT875MBD,Samsung Galaxy Tab S11 Ultra X930 WiFi 14.6 12GB RAM 256GB - Silver [Energieklasse G] (SM-X930NZSREUE) [versión Polaca] : Amazon.es: Informática
ES,Amazon,amazon,Samsung,Samsung,mobile,Samsung Galaxy A56 5G,128,cash,293.0,"293,00 â‚¬",EUR,,True,amazon_adapter_live,2026-02-18T11:25:21.134907+00:00,https://www.amazon.es/dp/B0DZHLFGM7,Samsung Galaxy A56 Dual 5G 128GB 8GB RAM Móvil Gris : Amazon.es: Electrónica
ES,Amazon,amazon,Samsung,Samsung,tablet,Samsung Galaxy Tab S10 Lite WiFi,128,cash,265.0,"265,00 â‚¬",EUR,,True,amazon_adapter_live,2026-02-18T11:26:01.262471+00:00,https://www.amazon.es/dp/B0FMFRFNWG,"Samsung Galaxy Tab S10 Lite con S-Pen | 128 GB, 6 GB de RAM, Solo Wi-Fi, LCD de 10.9 Pulgadas y 90 Hz, Tableta Android 15 WiFi 6, batería para Todo el día | Modelo Internacional X400 : Amazon.es: Electrónica"
ES,Amazon,amazon,Samsung,Samsung,mobile,Samsung Galaxy A36 5G,128,cash,230.0,"230,00 â‚¬",EUR,,True,amazon_adapter_live,2026-02-18T11:26:39.461340+00:00,https://www.amazon.es/dp/B0F38BPTC7,"Samsung Galaxy A36 5G 6GB/128GB Smartphone 6.7"" Super AMOLED 50MP 5000mAh 45W Android 15 Lima - [Versiones italiano, húngaro, polaco, rumano, austriaco y suizo] : Amazon.es: Electrónica"
ES,Amazon,amazon,Samsung,Samsung,mobile,Samsung Galaxy S25 FE 5G,128,cash,549.0,"549,00 â‚¬",EUR,,True,amazon_adapter_live,2026-02-18T11:27:17.742645+00:00,https://www.amazon.es/dp/B0FR564FN1,"Samsung Galaxy S25 FE S731 5G Dual Sim 8GB RAM 128GB - Blanco - [Versiones italiano, húngaro, polaco, rumano, austriaco y suizo] : Amazon.es: Electrónica"
ES,Amazon,amazon,Samsung,Samsung,mobile,Samsung Galaxy Z Flip 7,256,cash,1149.0,"1.149,00 â‚¬",EUR,,True,amazon_adapter_live,2026-02-18T11:27:57.237833+00:00,https://www.amazon.es/dp/B0FBGSB1CL,"Samsung Galaxy Z Flip7 256GB - Móvil con IA, Diseño Plegable, Pantalla Amplia, Cámara Selfie 50MP, Procesador 3nm, Memoria 12GB, Negro Oscuro, Garantía 3 Años + 1 año Extra (Versión Española) : Amazon.es: Electrónica"
ES,Amazon,amazon,Samsung,Samsung,mobile,Samsung Galaxy Z Fold 7,256,cash,1579.0,"1.579,00 â‚¬",EUR,,True,amazon_adapter_live,2026-02-18T11:28:28.794405+00:00,https://www.amazon.es/dp/B0FK1Y17P4,Samsung Galaxy Z Fold 7 8'' 256GB/12GB Dual SIM Gris Plata : Amazon.es: Electrónica
ES,Grover,grover,Samsung,Samsung,mobile,Samsung Galaxy S25 Ultra,256,renting_with_insurance,119.9,"119,90 Ã¢â€šÂ¬/mes",EUR/month,6,False,grover_adapter_live,2026-02-18T11:28:55.659856+00:00,https://www.grover.com/es-es/products/samsung-smartphone-galaxy-s25-ultra-12gb-256-gb?selectedMinDuration=18&variantSku=GRB224P19047V33600,"Alquila Samsung Galaxy S25 Ultra Smartphone - 256 GB - Dual SIM desde 49,90 € al mes"
ES,Grover,grover,Samsung,Samsung,mobile,Samsung Galaxy S25 Ultra,256,renting_with_insurance,74.9,"74,90 Ã¢â€šÂ¬/mes",EUR/month,12,False,grover_adapter_live,2026-02-18T11:28:55.659856+00:00,https://www.grover.com/es-es/products/samsung-smartphone-galaxy-s25-ultra-12gb-256-gb?selectedMinDuration=18&variantSku=GRB224P19047V33600,"Alquila Samsung Galaxy S25 Ultra Smartphone - 256 GB - Dual SIM desde 49,90 € al mes"
ES,Grover,grover,Samsung,Samsung,mobile,Samsung Galaxy S25 Ultra,256,renting_with_insurance,49.9,"49,90 Ã¢â€šÂ¬/mes",EUR/month,18,False,grover_adapter_live,2026-02-18T11:28:55.659856+00:00,https://www.grover.com/es-es/products/samsung-smartphone-galaxy-s25-ultra-12gb-256-gb?selectedMinDuration=18&variantSku=GRB224P19047V33600,"Alquila Samsung Galaxy S25 Ultra Smartphone - 256 GB - Dual SIM desde 49,90 € al mes"
ES,Grover,grover,Samsung,Samsung,tablet,Samsung Galaxy Tab S10 FE Wi-Fi,128,renting_with_insurance,43.9,"43,90 Ã¢â€šÂ¬/mes",EUR/month,6,False,grover_adapter_live,2026-02-18T11:28:58.310598+00:00,https://www.grover.com/es-es/products/samsung-tablet-galaxy-tab-s10-fe-wifi-8gb-128gb?selectedMinDuration=18&variantSku=GRB59P19078V33203,"Alquila Samsung Tablet, Galaxy Tab S10 FE - WIFI - Android - 128GB desde 22,90 € al mes"
ES,Grover,grover,Samsung,Samsung,tablet,Samsung Galaxy Tab S10 FE Wi-Fi,128,renting_with_insurance,30.9,"30,90 Ã¢â€šÂ¬/mes",EUR/month,12,False,grover_adapter_live,2026-02-18T11:28:58.310598+00:00,https://www.grover.com/es-es/products/samsung-tablet-galaxy-tab-s10-fe-wifi-8gb-128gb?selectedMinDuration=18&variantSku=GRB59P19078V33203,"Alquila Samsung Tablet, Galaxy Tab S10 FE - WIFI - Android - 128GB desde 22,90 € al mes"
ES,Grover,grover,Samsung,Samsung,tablet,Samsung Galaxy Tab S10 FE Wi-Fi,128,renting_with_insurance,22.9,"22,90 Ã¢â€šÂ¬/mes",EUR/month,18,False,grover_adapter_live,2026-02-18T11:28:58.310598+00:00,https://www.grover.com/es-es/products/samsung-tablet-galaxy-tab-s10-fe-wifi-8gb-128gb?selectedMinDuration=18&variantSku=GRB59P19078V33203,"Alquila Samsung Tablet, Galaxy Tab S10 FE - WIFI - Android - 128GB desde 22,90 € al mes"
ES,Grover,grover,Samsung,Samsung,tablet,Samsung Galaxy Tab S11 Ultra wifi,256,renting_with_insurance,99.9,"99,90 Ã¢â€šÂ¬/mes",EUR/month,6,True,grover_adapter_live,2026-02-18T11:29:03.920195+00:00,https://www.grover.com/es-es/products/samsung-tablet-tab-s11-ultra-wifi-12gb-256gb?selectedMinDuration=18&variantSku=GRB59P19214V33429,"Alquila Samsung Tablet, Galaxy Tab S11 Ultra - WIFI - Android - 256GB desde 59,90 € al mes"
ES,Grover,grover,Samsung,Samsung,tablet,Samsung Galaxy Tab S11 Ultra wifi,256,renting_with_insurance,74.9,"74,90 Ã¢â€šÂ¬/mes",EUR/month,12,True,grover_adapter_live,2026-02-18T11:29:03.920195+00:00,https://www.grover.com/es-es/products/samsung-tablet-tab-s11-ultra-wifi-12gb-256gb?selectedMinDuration=18&variantSku=GRB59P19214V33429,"Alquila Samsung Tablet, Galaxy Tab S11 Ultra - WIFI - Android - 256GB desde 59,90 € al mes"
ES,Grover,grover,Samsung,Samsung,tablet,Samsung Galaxy Tab S11 Ultra wifi,256,renting_with_insurance,59.9,"59,90 Ã¢â€šÂ¬/mes",EUR/month,18,True,grover_adapter_live,2026-02-18T11:29:03.920195+00:00,https://www.grover.com/es-es/products/samsung-tablet-tab-s11-ultra-wifi-12gb-256gb?selectedMinDuration=18&variantSku=GRB59P19214V33429,"Alquila Samsung Tablet, Galaxy Tab S11 Ultra - WIFI - Android - 256GB desde 59,90 € al mes"
ES,Grover,grover,Samsung,Samsung,mobile,Samsung Galaxy Z Flip 7,256,renting_with_insurance,79.9,"79,90 Ã¢â€šÂ¬/mes",EUR/month,6,False,grover_adapter_live,2026-02-18T11:29:15.305977+00:00,https://www.grover.com/es-es/products/samsung-smartphone-galaxy-z-flip7-12-gb-256-gb?selectedMinDuration=18&variantSku=GRB59P19151V33320,"Alquila Samsung Galaxy Z Flip7 Smartphone - 256 GB - Dual SIM desde 44,90 € al mes"
ES,Grover,grover,Samsung,Samsung,mobile,Samsung Galaxy Z Flip 7,256,renting_with_insurance,59.9,"59,90 Ã¢â€šÂ¬/mes",EUR/month,12,False,grover_adapter_live,2026-02-18T11:29:15.305977+00:00,https://www.grover.com/es-es/products/samsung-smartphone-galaxy-z-flip7-12-gb-256-gb?selectedMinDuration=18&variantSku=GRB59P19151V33320,"Alquila Samsung Galaxy Z Flip7 Smartphone - 256 GB - Dual SIM desde 44,90 € al mes"
ES,Grover,grover,Samsung,Samsung,mobile,Samsung Galaxy Z Flip 7,256,renting_with_insurance,44.9,"44,90 Ã¢â€šÂ¬/mes",EUR/month,18,False,grover_adapter_live,2026-02-18T11:29:15.305977+00:00,https://www.grover.com/es-es/products/samsung-smartphone-galaxy-z-flip7-12-gb-256-gb?selectedMinDuration=18&variantSku=GRB59P19151V33320,"Alquila Samsung Galaxy Z Flip7 Smartphone - 256 GB - Dual SIM desde 44,90 € al mes"
ES,Grover,grover,Samsung,Samsung,mobile,Samsung Galaxy Z Fold 7,256,renting_with_insurance,144.9,"144,90 Ã¢â€šÂ¬/mes",EUR/month,6,False,grover_adapter_live,2026-02-18T11:29:18.595964+00:00,https://www.grover.com/es-es/products/samsung-smartphone-galaxy-z-fold7-12-gb-256-gb?selectedMinDuration=18&variantSku=GRB59P19149V33310,"Alquila Samsung Galaxy Z Fold7 Smartphone - 256 GB - Dual SIM desde 79,00 € al mes"
ES,Grover,grover,Samsung,Samsung,mobile,Samsung Galaxy Z Fold 7,256,renting_with_insurance,104.9,"104,90 Ã¢â€šÂ¬/mes",EUR/month,12,False,grover_adapter_live,2026-02-18T11:29:18.595964+00:00,https://www.grover.com/es-es/products/samsung-smartphone-galaxy-z-fold7-12-gb-256-gb?selectedMinDuration=18&variantSku=GRB59P19149V33310,"Alquila Samsung Galaxy Z Fold7 Smartphone - 256 GB - Dual SIM desde 79,00 € al mes"
ES,Grover,grover,Samsung,Samsung,mobile,Samsung Galaxy Z Fold 7,256,renting_with_insurance,79.0,"79,00 Ã¢â€šÂ¬/mes",EUR/month,18,False,grover_adapter_live,2026-02-18T11:29:18.595964+00:00,https://www.grover.com/es-es/products/samsung-smartphone-galaxy-z-fold7-12-gb-256-gb?selectedMinDuration=18&variantSku=GRB59P19149V33310,"Alquila Samsung Galaxy Z Fold7 Smartphone - 256 GB - Dual SIM desde 79,00 € al mes"
ES,Media Markt,media_markt,Samsung,Samsung,mobile,Samsung Galaxy S25 Ultra,256,cash,1459.0,"1459,00 â‚¬",EUR,,True,mediamarkt_adapter_live,2026-02-18T11:36:49.297256+00:00,https://www.mediamarkt.es/es/product/_movil-samsung-galaxy-s25-ultra-titanium-gray-256-gb-12-gb-ram-69-wqhd-snapdragon-8-5000-mah-android-15-1592056.html,"Móvil | Samsung Galaxy S25 Ultra, Titanium Gray, 256 GB, 12 GB RAM, 6.9"" WQHD+, Snapdragon 8, 5000 mAh, Android 15 | MediaMarkt"
ES,Media Markt,media_markt,Samsung,Samsung,mobile,Samsung Galaxy S25 Ultra,256,financing_max_term,87.33,"87,33 â‚¬/mes",EUR/month,18,True,mediamarkt_adapter_live,2026-02-18T11:36:49.297256+00:00,https://www.mediamarkt.es/es/product/_movil-samsung-galaxy-s25-ultra-titanium-gray-256-gb-12-gb-ram-69-wqhd-snapdragon-8-5000-mah-android-15-1592056.html,"Móvil | Samsung Galaxy S25 Ultra, Titanium Gray, 256 GB, 12 GB RAM, 6.9"" WQHD+, Snapdragon 8, 5000 mAh, Android 15 | MediaMarkt"
ES,Media Markt,media_markt,Samsung,Samsung,mobile,Samsung Galaxy S25 Ultra,256,financing_max_term,467.38,467.38 â‚¬/mes,EUR/month,3,True,mediamarkt_adapter_live,2026-02-18T11:36:49.297256+00:00,https://www.mediamarkt.es/es/product/_movil-samsung-galaxy-s25-ultra-titanium-gray-256-gb-12-gb-ram-69-wqhd-snapdragon-8-5000-mah-android-15-1592056.html,"Móvil | Samsung Galaxy S25 Ultra, Titanium Gray, 256 GB, 12 GB RAM, 6.9"" WQHD+, Snapdragon 8, 5000 mAh, Android 15 | MediaMarkt"
ES,Media Markt,media_markt,Samsung,Samsung,mobile,Samsung Galaxy S25 Ultra,256,financing_max_term,239.18,239.18 â‚¬/mes,EUR/month,6,True,mediamarkt_adapter_live,2026-02-18T11:36:49.297256+00:00,https://www.mediamarkt.es/es/product/_movil-samsung-galaxy-s25-ultra-titanium-gray-256-gb-12-gb-ram-69-wqhd-snapdragon-8-5000-mah-android-15-1592056.html,"Móvil | Samsung Galaxy S25 Ultra, Titanium Gray, 256 GB, 12 GB RAM, 6.9"" WQHD+, Snapdragon 8, 5000 mAh, Android 15 | MediaMarkt"
ES,Media Markt,media_markt,Samsung,Samsung,mobile,Samsung Galaxy S25 Ultra,256,financing_max_term,147.98,147.98 â‚¬/mes,EUR/month,10,True,mediamarkt_adapter_live,2026-02-18T11:36:49.297256+00:00,https://www.mediamarkt.es/es/product/_movil-samsung-galaxy-s25-ultra-titanium-gray-256-gb-12-gb-ram-69-wqhd-snapdragon-8-5000-mah-android-15-1592056.html,"Móvil | Samsung Galaxy S25 Ultra, Titanium Gray, 256 GB, 12 GB RAM, 6.9"" WQHD+, Snapdragon 8, 5000 mAh, Android 15 | MediaMarkt"
ES,Media Markt,media_markt,Samsung,Samsung,mobile,Samsung Galaxy S25 Ultra,256,financing_max_term,125.21,125.21 â‚¬/mes,EUR/month,12,True,mediamarkt_adapter_live,2026-02-18T11:36:49.297256+00:00,https://www.mediamarkt.es/es/product/_movil-samsung-galaxy-s25-ultra-titanium-gray-256-gb-12-gb-ram-69-wqhd-snapdragon-8-5000-mah-android-15-1592056.html,"Móvil | Samsung Galaxy S25 Ultra, Titanium Gray, 256 GB, 12 GB RAM, 6.9"" WQHD+, Snapdragon 8, 5000 mAh, Android 15 | MediaMarkt"
ES,Media Markt,media_markt,Samsung,Samsung,mobile,Samsung Galaxy S25 Ultra,256,financing_max_term,108.96,108.96 â‚¬/mes,EUR/month,14,True,mediamarkt_adapter_live,2026-02-18T11:36:49.297256+00:00,https://www.mediamarkt.es/es/product/_movil-samsung-galaxy-s25-ultra-titanium-gray-256-gb-12-gb-ram-69-wqhd-snapdragon-8-5000-mah-android-15-1592056.html,"Móvil | Samsung Galaxy S25 Ultra, Titanium Gray, 256 GB, 12 GB RAM, 6.9"" WQHD+, Snapdragon 8, 5000 mAh, Android 15 | MediaMarkt"
ES,Media Markt,media_markt,Samsung,Samsung,mobile,Samsung Galaxy S25 Ultra,256,financing_max_term,79.78,79.78 â‚¬/mes,EUR/month,20,True,mediamarkt_adapter_live,2026-02-18T11:36:49.297256+00:00,https://www.mediamarkt.es/es/product/_movil-samsung-galaxy-s25-ultra-titanium-gray-256-gb-12-gb-ram-69-wqhd-snapdragon-8-5000-mah-android-15-1592056.html,"Móvil | Samsung Galaxy S25 Ultra, Titanium Gray, 256 GB, 12 GB RAM, 6.9"" WQHD+, Snapdragon 8, 5000 mAh, Android 15 | MediaMarkt"
ES,Media Markt,media_markt,Samsung,Samsung,mobile,Samsung Galaxy S25 Ultra,256,financing_max_term,68.47,68.47 â‚¬/mes,EUR/month,24,True,mediamarkt_adapter_live,2026-02-18T11:36:49.297256+00:00,https://www.mediamarkt.es/es/product/_movil-samsung-galaxy-s25-ultra-titanium-gray-256-gb-12-gb-ram-69-wqhd-snapdragon-8-5000-mah-android-15-1592056.html,"Móvil | Samsung Galaxy S25 Ultra, Titanium Gray, 256 GB, 12 GB RAM, 6.9"" WQHD+, Snapdragon 8, 5000 mAh, Android 15 | MediaMarkt"
ES,Media Markt,media_markt,Samsung,Samsung,mobile,Samsung Galaxy S25 Ultra,256,financing_max_term,57.22,57.22 â‚¬/mes,EUR/month,30,True,mediamarkt_adapter_live,2026-02-18T11:36:49.297256+00:00,https://www.mediamarkt.es/es/product/_movil-samsung-galaxy-s25-ultra-titanium-gray-256-gb-12-gb-ram-69-wqhd-snapdragon-8-5000-mah-android-15-1592056.html,"Móvil | Samsung Galaxy S25 Ultra, Titanium Gray, 256 GB, 12 GB RAM, 6.9"" WQHD+, Snapdragon 8, 5000 mAh, Android 15 | MediaMarkt"
ES,Media Markt,media_markt,Samsung,Samsung,mobile,Samsung Galaxy A17 5G,128,cash,199.0,"199,00 â‚¬",EUR,,True,mediamarkt_adapter_live,2026-02-18T11:38:36.594040+00:00,https://www.mediamarkt.es/es/product/_movil-samsung-galaxy-a17-lte-azul-128-gb-4-gb-ram-67-fhd-super-amoled-mediatek-g99-octa-core-5000-mah-android-15-1604159.html,"Móvil | Samsung Galaxy A17 LTE, Azul, 128 GB, 4 GB RAM, 6.7"", FHD+ Super AMOLED, Mediatek G99 Octa-core, 5000 mAh, Android 15 | MediaMarkt"
ES,Media Markt,media_markt,Samsung,Samsung,mobile,Samsung Galaxy A17 5G,128,financing_max_term,35.02,"35,02 â‚¬/mes",EUR/month,6,True,mediamarkt_adapter_live,2026-02-18T11:38:36.594040+00:00,https://www.mediamarkt.es/es/product/_movil-samsung-galaxy-a17-lte-azul-128-gb-4-gb-ram-67-fhd-super-amoled-mediatek-g99-octa-core-5000-mah-android-15-1604159.html,"Móvil | Samsung Galaxy A17 LTE, Azul, 128 GB, 4 GB RAM, 6.7"", FHD+ Super AMOLED, Mediatek G99 Octa-core, 5000 mAh, Android 15 | MediaMarkt"
ES,Media Markt,media_markt,Samsung,Samsung,mobile,Samsung Galaxy A17 5G,128,financing_max_term,68.44,68.44 â‚¬/mes,EUR/month,3,True,mediamarkt_adapter_live,2026-02-18T11:38:36.594040+00:00,https://www.mediamarkt.es/es/product/_movil-samsung-galaxy-a17-lte-azul-128-gb-4-gb-ram-67-fhd-super-amoled-mediatek-g99-octa-core-5000-mah-android-15-1604159.html,"Móvil | Samsung Galaxy A17 LTE, Azul, 128 GB, 4 GB RAM, 6.7"", FHD+ Super AMOLED, Mediatek G99 Octa-core, 5000 mAh, Android 15 | MediaMarkt"
ES,Media Markt,media_markt,Samsung,Samsung,mobile,Samsung Galaxy A17 5G,128,financing_max_term,21.67,21.67 â‚¬/mes,EUR/month,10,True,mediamarkt_adapter_live,2026-02-18T11:38:36.594040+00:00,https://www.mediamarkt.es/es/product/_movil-samsung-galaxy-a17-lte-azul-128-gb-4-gb-ram-67-fhd-super-amoled-mediatek-g99-octa-core-5000-mah-android-15-1604159.html,"Móvil | Samsung Galaxy A17 LTE, Azul, 128 GB, 4 GB RAM, 6.7"", FHD+ Super AMOLED, Mediatek G99 Octa-core, 5000 mAh, Android 15 | MediaMarkt"
ES,Media Markt,media_markt,Samsung,Samsung,mobile,Samsung Galaxy A17 5G,128,financing_max_term,18.33,18.33 â‚¬/mes,EUR/month,12,True,mediamarkt_adapter_live,2026-02-18T11:38:36.594040+00:00,https://www.mediamarkt.es/es/product/_movil-samsung-galaxy-a17-lte-azul-128-gb-4-gb-ram-67-fhd-super-amoled-mediatek-g99-octa-core-5000-mah-android-15-1604159.html,"Móvil | Samsung Galaxy A17 LTE, Azul, 128 GB, 4 GB RAM, 6.7"", FHD+ Super AMOLED, Mediatek G99 Octa-core, 5000 mAh, Android 15 | MediaMarkt"
ES,Media Markt,media_markt,Samsung,Samsung,mobile,Samsung Galaxy A17 5G,128,financing_max_term,15.95,15.95 â‚¬/mes,EUR/month,14,True,mediamarkt_adapter_live,2026-02-18T11:38:36.594040+00:00,https://www.mediamarkt.es/es/product/_movil-samsung-galaxy-a17-lte-azul-128-gb-4-gb-ram-67-fhd-super-amoled-mediatek-g99-octa-core-5000-mah-android-15-1604159.html,"Móvil | Samsung Galaxy A17 LTE, Azul, 128 GB, 4 GB RAM, 6.7"", FHD+ Super AMOLED, Mediatek G99 Octa-core, 5000 mAh, Android 15 | MediaMarkt"
ES,Media Markt,media_markt,Samsung,Samsung,mobile,Samsung Galaxy A17 5G,128,financing_max_term,12.79,12.79 â‚¬/mes,EUR/month,18,True,mediamarkt_adapter_live,2026-02-18T11:38:36.594040+00:00,https://www.mediamarkt.es/es/product/_movil-samsung-galaxy-a17-lte-azul-128-gb-4-gb-ram-67-fhd-super-amoled-mediatek-g99-octa-core-5000-mah-android-15-1604159.html,"Móvil | Samsung Galaxy A17 LTE, Azul, 128 GB, 4 GB RAM, 6.7"", FHD+ Super AMOLED, Mediatek G99 Octa-core, 5000 mAh, Android 15 | MediaMarkt"
ES,Media Markt,media_markt,Samsung,Samsung,mobile,Samsung Galaxy A17 5G,128,financing_max_term,11.68,11.68 â‚¬/mes,EUR/month,20,True,mediamarkt_adapter_live,2026-02-18T11:38:36.594040+00:00,https://www.mediamarkt.es/es/product/_movil-samsung-galaxy-a17-lte-azul-128-gb-4-gb-ram-67-fhd-super-amoled-mediatek-g99-octa-core-5000-mah-android-15-1604159.html,"Móvil | Samsung Galaxy A17 LTE, Azul, 128 GB, 4 GB RAM, 6.7"", FHD+ Super AMOLED, Mediatek G99 Octa-core, 5000 mAh, Android 15 | MediaMarkt"
ES,Media Markt,media_markt,Samsung,Samsung,mobile,Samsung Galaxy A56 5G,128,cash,479.0,"479,00 â‚¬",EUR,,True,mediamarkt_adapter_live,2026-02-18T11:41:15.335821+00:00,https://www.mediamarkt.es/es/product/_movil-samsung-galaxy-a56-5g-negro-128-gb-8-gb-ram-67-fhd-super-amoled-qualcomm-snapdragon-6-gen-3-5000-mah-android-15-1594696.html,"Móvil | Samsung Galaxy A56 5G, Negro, 128 GB, 8 GB RAM, 6.7"" FHD+ Super AMOLED, Exynos 1580, 5000 mAh, Android 15 | MediaMarkt"
ES,Media Markt,media_markt,Samsung,Samsung,mobile,Samsung Galaxy A56 5G,128,financing_max_term,48.89,"48,89 â‚¬/mes",EUR/month,10,True,mediamarkt_adapter_live,2026-02-18T11:41:15.335821+00:00,https://www.mediamarkt.es/es/product/_movil-samsung-galaxy-a56-5g-negro-128-gb-8-gb-ram-67-fhd-super-amoled-qualcomm-snapdragon-6-gen-3-5000-mah-android-15-1594696.html,"Móvil | Samsung Galaxy A56 5G, Negro, 128 GB, 8 GB RAM, 6.7"" FHD+ Super AMOLED, Exynos 1580, 5000 mAh, Android 15 | MediaMarkt"
ES,Media Markt,media_markt,Samsung,Samsung,mobile,Samsung Galaxy A56 5G,128,financing_max_term,154.42,154.42 â‚¬/mes,EUR/month,3,True,mediamarkt_adapter_live,2026-02-18T11:41:15.335821+00:00,https://www.mediamarkt.es/es/product/_movil-samsung-galaxy-a56-5g-negro-128-gb-8-gb-ram-67-fhd-super-amoled-qualcomm-snapdragon-6-gen-3-5000-mah-android-15-1594696.html,"Móvil | Samsung Galaxy A56 5G, Negro, 128 GB, 8 GB RAM, 6.7"" FHD+ Super AMOLED, Exynos 1580, 5000 mAh, Android 15 | MediaMarkt"
ES,Media Markt,media_markt,Samsung,Samsung,mobile,Samsung Galaxy A56 5G,128,financing_max_term,79.02,79.02 â‚¬/mes,EUR/month,6,True,mediamarkt_adapter_live,2026-02-18T11:41:15.335821+00:00,https://www.mediamarkt.es/es/product/_movil-samsung-galaxy-a56-5g-negro-128-gb-8-gb-ram-67-fhd-super-amoled-qualcomm-snapdragon-6-gen-3-5000-mah-android-15-1594696.html,"Móvil | Samsung Galaxy A56 5G, Negro, 128 GB, 8 GB RAM, 6.7"" FHD+ Super AMOLED, Exynos 1580, 5000 mAh, Android 15 | MediaMarkt"
ES,Media Markt,media_markt,Samsung,Samsung,mobile,Samsung Galaxy A56 5G,128,financing_max_term,41.37,41.37 â‚¬/mes,EUR/month,12,True,mediamarkt_adapter_live,2026-02-18T11:41:15.335821+00:00,https://www.mediamarkt.es/es/product/_movil-samsung-galaxy-a56-5g-negro-128-gb-8-gb-ram-67-fhd-super-amoled-qualcomm-snapdragon-6-gen-3-5000-mah-android-15-1594696.html,"Móvil | Samsung Galaxy A56 5G, Negro, 128 GB, 8 GB RAM, 6.7"" FHD+ Super AMOLED, Exynos 1580, 5000 mAh, Android 15 | MediaMarkt"
ES,Media Markt,media_markt,Samsung,Samsung,mobile,Samsung Galaxy A56 5G,128,financing_max_term,36.0,36.00 â‚¬/mes,EUR/month,14,True,mediamarkt_adapter_live,2026-02-18T11:41:15.335821+00:00,https://www.mediamarkt.es/es/product/_movil-samsung-galaxy-a56-5g-negro-128-gb-8-gb-ram-67-fhd-super-amoled-qualcomm-snapdragon-6-gen-3-5000-mah-android-15-1594696.html,"Móvil | Samsung Galaxy A56 5G, Negro, 128 GB, 8 GB RAM, 6.7"" FHD+ Super AMOLED, Exynos 1580, 5000 mAh, Android 15 | MediaMarkt"
ES,Media Markt,media_markt,Samsung,Samsung,mobile,Samsung Galaxy A56 5G,128,financing_max_term,28.85,28.85 â‚¬/mes,EUR/month,18,True,mediamarkt_adapter_live,2026-02-18T11:41:15.335821+00:00,https://www.mediamarkt.es/es/product/_movil-samsung-galaxy-a56-5g-negro-128-gb-8-gb-ram-67-fhd-super-amoled-qualcomm-snapdragon-6-gen-3-5000-mah-android-15-1594696.html,"Móvil | Samsung Galaxy A56 5G, Negro, 128 GB, 8 GB RAM, 6.7"" FHD+ Super AMOLED, Exynos 1580, 5000 mAh, Android 15 | MediaMarkt"
ES,Media Markt,media_markt,Samsung,Samsung,mobile,Samsung Galaxy A56 5G,128,financing_max_term,26.36,26.36 â‚¬/mes,EUR/month,20,True,mediamarkt_adapter_live,2026-02-18T11:41:15.335821+00:00,https://www.mediamarkt.es/es/product/_movil-samsung-galaxy-a56-5g-negro-128-gb-8-gb-ram-67-fhd-super-amoled-qualcomm-snapdragon-6-gen-3-5000-mah-android-15-1594696.html,"Móvil | Samsung Galaxy A56 5G, Negro, 128 GB, 8 GB RAM, 6.7"" FHD+ Super AMOLED, Exynos 1580, 5000 mAh, Android 15 | MediaMarkt"
ES,Media Markt,media_markt,Samsung,Samsung,mobile,Samsung Galaxy A56 5G,128,financing_max_term,22.62,22.62 â‚¬/mes,EUR/month,24,True,mediamarkt_adapter_live,2026-02-18T11:41:15.335821+00:00,https://www.mediamarkt.es/es/product/_movil-samsung-galaxy-a56-5g-negro-128-gb-8-gb-ram-67-fhd-super-amoled-qualcomm-snapdragon-6-gen-3-5000-mah-android-15-1594696.html,"Móvil | Samsung Galaxy A56 5G, Negro, 128 GB, 8 GB RAM, 6.7"" FHD+ Super AMOLED, Exynos 1580, 5000 mAh, Android 15 | MediaMarkt"
ES,Media Markt,media_markt,Samsung,Samsung,mobile,Samsung Galaxy A56 5G,128,financing_max_term,18.91,18.91 â‚¬/mes,EUR/month,30,True,mediamarkt_adapter_live,2026-02-18T11:41:15.335821+00:00,https://www.mediamarkt.es/es/product/_movil-samsung-galaxy-a56-5g-negro-128-gb-8-gb-ram-67-fhd-super-amoled-qualcomm-snapdragon-6-gen-3-5000-mah-android-15-1594696.html,"Móvil | Samsung Galaxy A56 5G, Negro, 128 GB, 8 GB RAM, 6.7"" FHD+ Super AMOLED, Exynos 1580, 5000 mAh, Android 15 | MediaMarkt"
ES,Media Markt,media_markt,Samsung,Samsung,mobile,Samsung Galaxy A36 5G,128,cash,379.0,"379,00 â‚¬",EUR,,True,mediamarkt_adapter_live,2026-02-18T11:43:14.424500+00:00,https://www.mediamarkt.es/es/product/_movil-samsung-galaxy-a36-5g-negro-128-gb-6-gb-ram-67-fhd-super-amoled-qualcomm-snapdragon-6-gen-3-5000-mah-android-15-1594687.html,"Móvil | Samsung Galaxy A36 5G, Negro, 128 GB, 6 GB RAM, 6.7"" FHD+ Super AMOLED, Qualcomm Snapdragon 6 Gen 3, 5000 mAh, Android 15 | MediaMarkt"
ES,Media Markt,media_markt,Samsung,Samsung,mobile,Samsung Galaxy A36 5G,128,financing_max_term,37.35,"37,35 â‚¬/mes",EUR/month,10,True,mediamarkt_adapter_live,2026-02-18T11:43:14.424500+00:00,https://www.mediamarkt.es/es/product/_movil-samsung-galaxy-a36-5g-negro-128-gb-6-gb-ram-67-fhd-super-amoled-qualcomm-snapdragon-6-gen-3-5000-mah-android-15-1594687.html,"Móvil | Samsung Galaxy A36 5G, Negro, 128 GB, 6 GB RAM, 6.7"" FHD+ Super AMOLED, Qualcomm Snapdragon 6 Gen 3, 5000 mAh, Android 15 | MediaMarkt"
ES,Media Markt,media_markt,Samsung,Samsung,mobile,Samsung Galaxy A36 5G,128,financing_max_term,117.96,117.96 â‚¬/mes,EUR/month,3,True,mediamarkt_adapter_live,2026-02-18T11:43:14.424500+00:00,https://www.mediamarkt.es/es/product/_movil-samsung-galaxy-a36-5g-negro-128-gb-6-gb-ram-67-fhd-super-amoled-qualcomm-snapdragon-6-gen-3-5000-mah-android-15-1594687.html,"Móvil | Samsung Galaxy A36 5G, Negro, 128 GB, 6 GB RAM, 6.7"" FHD+ Super AMOLED, Qualcomm Snapdragon 6 Gen 3, 5000 mAh, Android 15 | MediaMarkt"
ES,Media Markt,media_markt,Samsung,Samsung,mobile,Samsung Galaxy A36 5G,128,financing_max_term,60.37,60.37 â‚¬/mes,EUR/month,6,True,mediamarkt_adapter_live,2026-02-18T11:43:14.424500+00:00,https://www.mediamarkt.es/es/product/_movil-samsung-galaxy-a36-5g-negro-128-gb-6-gb-ram-67-fhd-super-amoled-qualcomm-snapdragon-6-gen-3-5000-mah-android-15-1594687.html,"Móvil | Samsung Galaxy A36 5G, Negro, 128 GB, 6 GB RAM, 6.7"" FHD+ Super AMOLED, Qualcomm Snapdragon 6 Gen 3, 5000 mAh, Android 15 | MediaMarkt"
ES,Media Markt,media_markt,Samsung,Samsung,mobile,Samsung Galaxy A36 5G,128,financing_max_term,31.6,31.60 â‚¬/mes,EUR/month,12,True,mediamarkt_adapter_live,2026-02-18T11:43:14.424500+00:00,https://www.mediamarkt.es/es/product/_movil-samsung-galaxy-a36-5g-negro-128-gb-6-gb-ram-67-fhd-super-amoled-qualcomm-snapdragon-6-gen-3-5000-mah-android-15-1594687.html,"Móvil | Samsung Galaxy A36 5G, Negro, 128 GB, 6 GB RAM, 6.7"" FHD+ Super AMOLED, Qualcomm Snapdragon 6 Gen 3, 5000 mAh, Android 15 | MediaMarkt"
ES,Media Markt,media_markt,Samsung,Samsung,mobile,Samsung Galaxy A36 5G,128,financing_max_term,27.5,27.50 â‚¬/mes,EUR/month,14,True,mediamarkt_adapter_live,2026-02-18T11:43:14.424500+00:00,https://www.mediamarkt.es/es/product/_movil-samsung-galaxy-a36-5g-negro-128-gb-6-gb-ram-67-fhd-super-amoled-qualcomm-snapdragon-6-gen-3-5000-mah-android-15-1594687.html,"Móvil | Samsung Galaxy A36 5G, Negro, 128 GB, 6 GB RAM, 6.7"" FHD+ Super AMOLED, Qualcomm Snapdragon 6 Gen 3, 5000 mAh, Android 15 | MediaMarkt"
ES,Media Markt,media_markt,Samsung,Samsung,mobile,Samsung Galaxy A36 5G,128,financing_max_term,22.04,22.04 â‚¬/mes,EUR/month,18,True,mediamarkt_adapter_live,2026-02-18T11:43:14.424500+00:00,https://www.mediamarkt.es/es/product/_movil-samsung-galaxy-a36-5g-negro-128-gb-6-gb-ram-67-fhd-super-amoled-qualcomm-snapdragon-6-gen-3-5000-mah-android-15-1594687.html,"Móvil | Samsung Galaxy A36 5G, Negro, 128 GB, 6 GB RAM, 6.7"" FHD+ Super AMOLED, Qualcomm Snapdragon 6 Gen 3, 5000 mAh, Android 15 | MediaMarkt"
ES,Media Markt,media_markt,Samsung,Samsung,mobile,Samsung Galaxy A36 5G,128,financing_max_term,20.13,20.13 â‚¬/mes,EUR/month,20,True,mediamarkt_adapter_live,2026-02-18T11:43:14.424500+00:00,https://www.mediamarkt.es/es/product/_movil-samsung-galaxy-a36-5g-negro-128-gb-6-gb-ram-67-fhd-super-amoled-qualcomm-snapdragon-6-gen-3-5000-mah-android-15-1594687.html,"Móvil | Samsung Galaxy A36 5G, Negro, 128 GB, 6 GB RAM, 6.7"" FHD+ Super AMOLED, Qualcomm Snapdragon 6 Gen 3, 5000 mAh, Android 15 | MediaMarkt"
ES,Media Markt,media_markt,Samsung,Samsung,mobile,Samsung Galaxy A36 5G,128,financing_max_term,17.28,17.28 â‚¬/mes,EUR/month,24,True,mediamarkt_adapter_live,2026-02-18T11:43:14.424500+00:00,https://www.mediamarkt.es/es/product/_movil-samsung-galaxy-a36-5g-negro-128-gb-6-gb-ram-67-fhd-super-amoled-qualcomm-snapdragon-6-gen-3-5000-mah-android-15-1594687.html,"Móvil | Samsung Galaxy A36 5G, Negro, 128 GB, 6 GB RAM, 6.7"" FHD+ Super AMOLED, Qualcomm Snapdragon 6 Gen 3, 5000 mAh, Android 15 | MediaMarkt"
ES,Media Markt,media_markt,Samsung,Samsung,mobile,Samsung Galaxy A36 5G,128,financing_max_term,14.44,14.44 â‚¬/mes,EUR/month,30,True,mediamarkt_adapter_live,2026-02-18T11:43:14.424500+00:00,https://www.mediamarkt.es/es/product/_movil-samsung-galaxy-a36-5g-negro-128-gb-6-gb-ram-67-fhd-super-amoled-qualcomm-snapdragon-6-gen-3-5000-mah-android-15-1594687.html,"Móvil | Samsung Galaxy A36 5G, Negro, 128 GB, 6 GB RAM, 6.7"" FHD+ Super AMOLED, Qualcomm Snapdragon 6 Gen 3, 5000 mAh, Android 15 | MediaMarkt"
ES,Media Markt,media_markt,Samsung,Samsung,mobile,Samsung Galaxy S25 FE 5G,128,cash,759.0,"759,00 â‚¬",EUR,,True,mediamarkt_adapter_live,2026-02-18T11:44:03.294424+00:00,https://www.mediamarkt.es/es/product/_movil-samsung-galaxy-s25-fe-icy-blue-128-gb-8-gb-ram-67-fhd-exynos-2400-deca-core-4900-mah-android-16-1604817.html,"Móvil | Samsung Galaxy S25 FE, Icy Blue, 128 GB, 8 GB RAM, 6.7"" FHD+, Exynos 2400 Deca-Core, 4900 mAh, Android 16 | MediaMarkt"
ES,Media Markt,media_markt,Samsung,Samsung,mobile,Samsung Galaxy S25 FE 5G,128,financing_max_term,60.85,"60,85 â‚¬/mes",EUR/month,14,True,mediamarkt_adapter_live,2026-02-18T11:44:03.294424+00:00,https://www.mediamarkt.es/es/product/_movil-samsung-galaxy-s25-fe-icy-blue-128-gb-8-gb-ram-67-fhd-exynos-2400-deca-core-4900-mah-android-16-1604817.html,"Móvil | Samsung Galaxy S25 FE, Icy Blue, 128 GB, 8 GB RAM, 6.7"" FHD+, Exynos 2400 Deca-Core, 4900 mAh, Android 16 | MediaMarkt"
ES,Media Markt,media_markt,Samsung,Samsung,mobile,Samsung Galaxy S25 FE 5G,128,financing_max_term,261.03,261.03 â‚¬/mes,EUR/month,3,True,mediamarkt_adapter_live,2026-02-18T11:44:03.294424+00:00,https://www.mediamarkt.es/es/product/_movil-samsung-galaxy-s25-fe-icy-blue-128-gb-8-gb-ram-67-fhd-exynos-2400-deca-core-4900-mah-android-16-1604817.html,"Móvil | Samsung Galaxy S25 FE, Icy Blue, 128 GB, 8 GB RAM, 6.7"" FHD+, Exynos 2400 Deca-Core, 4900 mAh, Android 16 | MediaMarkt"
ES,Media Markt,media_markt,Samsung,Samsung,mobile,Samsung Galaxy S25 FE 5G,128,financing_max_term,133.58,133.58 â‚¬/mes,EUR/month,6,True,mediamarkt_adapter_live,2026-02-18T11:44:03.294424+00:00,https://www.mediamarkt.es/es/product/_movil-samsung-galaxy-s25-fe-icy-blue-128-gb-8-gb-ram-67-fhd-exynos-2400-deca-core-4900-mah-android-16-1604817.html,"Móvil | Samsung Galaxy S25 FE, Icy Blue, 128 GB, 8 GB RAM, 6.7"" FHD+, Exynos 2400 Deca-Core, 4900 mAh, Android 16 | MediaMarkt"
ES,Media Markt,media_markt,Samsung,Samsung,mobile,Samsung Galaxy S25 FE 5G,128,financing_max_term,82.65,82.65 â‚¬/mes,EUR/month,10,True,mediamarkt_adapter_live,2026-02-18T11:44:03.294424+00:00,https://www.mediamarkt.es/es/product/_movil-samsung-galaxy-s25-fe-icy-blue-128-gb-8-gb-ram-67-fhd-exynos-2400-deca-core-4900-mah-android-16-1604817.html,"Móvil | Samsung Galaxy S25 FE, Icy Blue, 128 GB, 8 GB RAM, 6.7"" FHD+, Exynos 2400 Deca-Core, 4900 mAh, Android 16 | MediaMarkt"
ES,Media Markt,media_markt,Samsung,Samsung,mobile,Samsung Galaxy S25 FE 5G,128,financing_max_term,69.93,69.93 â‚¬/mes,EUR/month,12,True,mediamarkt_adapter_live,2026-02-18T11:44:03.294424+00:00,https://www.mediamarkt.es/es/product/_movil-samsung-galaxy-s25-fe-icy-blue-128-gb-8-gb-ram-67-fhd-exynos-2400-deca-core-4900-mah-android-16-1604817.html,"Móvil | Samsung Galaxy S25 FE, Icy Blue, 128 GB, 8 GB RAM, 6.7"" FHD+, Exynos 2400 Deca-Core, 4900 mAh, Android 16 | MediaMarkt"
ES,Media Markt,media_markt,Samsung,Samsung,mobile,Samsung Galaxy S25 FE 5G,128,financing_max_term,48.77,48.77 â‚¬/mes,EUR/month,18,True,mediamarkt_adapter_live,2026-02-18T11:44:03.294424+00:00,https://www.mediamarkt.es/es/product/_movil-samsung-galaxy-s25-fe-icy-blue-128-gb-8-gb-ram-67-fhd-exynos-2400-deca-core-4900-mah-android-16-1604817.html,"Móvil | Samsung Galaxy S25 FE, Icy Blue, 128 GB, 8 GB RAM, 6.7"" FHD+, Exynos 2400 Deca-Core, 4900 mAh, Android 16 | MediaMarkt"
ES,Media Markt,media_markt,Samsung,Samsung,mobile,Samsung Galaxy S25 FE 5G,128,financing_max_term,44.55,44.55 â‚¬/mes,EUR/month,20,True,mediamarkt_adapter_live,2026-02-18T11:44:03.294424+00:00,https://www.mediamarkt.es/es/product/_movil-samsung-galaxy-s25-fe-icy-blue-128-gb-8-gb-ram-67-fhd-exynos-2400-deca-core-4900-mah-android-16-1604817.html,"Móvil | Samsung Galaxy S25 FE, Icy Blue, 128 GB, 8 GB RAM, 6.7"" FHD+, Exynos 2400 Deca-Core, 4900 mAh, Android 16 | MediaMarkt"
ES,Media Markt,media_markt,Samsung,Samsung,mobile,Samsung Galaxy S25 FE 5G,128,financing_max_term,38.24,38.24 â‚¬/mes,EUR/month,24,True,mediamarkt_adapter_live,2026-02-18T11:44:03.294424+00:00,https://www.mediamarkt.es/es/product/_movil-samsung-galaxy-s25-fe-icy-blue-128-gb-8-gb-ram-67-fhd-exynos-2400-deca-core-4900-mah-android-16-1604817.html,"Móvil | Samsung Galaxy S25 FE, Icy Blue, 128 GB, 8 GB RAM, 6.7"" FHD+, Exynos 2400 Deca-Core, 4900 mAh, Android 16 | MediaMarkt"
ES,Media Markt,media_markt,Samsung,Samsung,mobile,Samsung Galaxy S25 FE 5G,128,financing_max_term,31.96,31.96 â‚¬/mes,EUR/month,30,True,mediamarkt_adapter_live,2026-02-18T11:44:03.294424+00:00,https://www.mediamarkt.es/es/product/_movil-samsung-galaxy-s25-fe-icy-blue-128-gb-8-gb-ram-67-fhd-exynos-2400-deca-core-4900-mah-android-16-1604817.html,"Móvil | Samsung Galaxy S25 FE, Icy Blue, 128 GB, 8 GB RAM, 6.7"" FHD+, Exynos 2400 Deca-Core, 4900 mAh, Android 16 | MediaMarkt"
ES,Media Markt,media_markt,Samsung,Samsung,mobile,Samsung Galaxy Z Flip 7,256,cash,1209.0,"1209,00 â‚¬",EUR,,True,mediamarkt_adapter_live,2026-02-18T11:44:32.129119+00:00,https://www.mediamarkt.es/es/product/_movil-samsung-galaxy-z-flip7-azul-256-gb-12-gb-ram-69-fhd-exynos-2500-4300-mah-android-16-1602547.html,"Móvil | Samsung Galaxy Z Flip7, Azul, 256 GB, 12 GB RAM, 6.9"" FHD+, Exynos 2500, 4300 mAh, Android 16 | MediaMarkt"
ES,Media Markt,media_markt,Samsung,Samsung,mobile,Samsung Galaxy Z Flip 7,256,financing_max_term,77.69,"77,69 â‚¬/mes",EUR/month,18,True,mediamarkt_adapter_live,2026-02-18T11:44:32.129119+00:00,https://www.mediamarkt.es/es/product/_movil-samsung-galaxy-z-flip7-azul-256-gb-12-gb-ram-69-fhd-exynos-2500-4300-mah-android-16-1602547.html,"Móvil | Samsung Galaxy Z Flip7, Azul, 256 GB, 12 GB RAM, 6.9"" FHD+, Exynos 2500, 4300 mAh, Android 16 | MediaMarkt"
ES,Media Markt,media_markt,Samsung,Samsung,mobile,Samsung Galaxy Z Flip 7,256,financing_max_term,415.79,415.79 â‚¬/mes,EUR/month,3,True,mediamarkt_adapter_live,2026-02-18T11:44:32.129119+00:00,https://www.mediamarkt.es/es/product/_movil-samsung-galaxy-z-flip7-azul-256-gb-12-gb-ram-69-fhd-exynos-2500-4300-mah-android-16-1602547.html,"Móvil | Samsung Galaxy Z Flip7, Azul, 256 GB, 12 GB RAM, 6.9"" FHD+, Exynos 2500, 4300 mAh, Android 16 | MediaMarkt"
ES,Media Markt,media_markt,Samsung,Samsung,mobile,Samsung Galaxy Z Flip 7,256,financing_max_term,212.78,212.78 â‚¬/mes,EUR/month,6,True,mediamarkt_adapter_live,2026-02-18T11:44:32.129119+00:00,https://www.mediamarkt.es/es/product/_movil-samsung-galaxy-z-flip7-azul-256-gb-12-gb-ram-69-fhd-exynos-2500-4300-mah-android-16-1602547.html,"Móvil | Samsung Galaxy Z Flip7, Azul, 256 GB, 12 GB RAM, 6.9"" FHD+, Exynos 2500, 4300 mAh, Android 16 | MediaMarkt"
ES,Media Markt,media_markt,Samsung,Samsung,mobile,Samsung Galaxy Z Flip 7,256,financing_max_term,131.65,131.65 â‚¬/mes,EUR/month,10,True,mediamarkt_adapter_live,2026-02-18T11:44:32.129119+00:00,https://www.mediamarkt.es/es/product/_movil-samsung-galaxy-z-flip7-azul-256-gb-12-gb-ram-69-fhd-exynos-2500-4300-mah-android-16-1602547.html,"Móvil | Samsung Galaxy Z Flip7, Azul, 256 GB, 12 GB RAM, 6.9"" FHD+, Exynos 2500, 4300 mAh, Android 16 | MediaMarkt"
ES,Media Markt,media_markt,Samsung,Samsung,mobile,Samsung Galaxy Z Flip 7,256,financing_max_term,111.39,111.39 â‚¬/mes,EUR/month,12,True,mediamarkt_adapter_live,2026-02-18T11:44:32.129119+00:00,https://www.mediamarkt.es/es/product/_movil-samsung-galaxy-z-flip7-azul-256-gb-12-gb-ram-69-fhd-exynos-2500-4300-mah-android-16-1602547.html,"Móvil | Samsung Galaxy Z Flip7, Azul, 256 GB, 12 GB RAM, 6.9"" FHD+, Exynos 2500, 4300 mAh, Android 16 | MediaMarkt"
ES,Media Markt,media_markt,Samsung,Samsung,mobile,Samsung Galaxy Z Flip 7,256,financing_max_term,96.93,96.93 â‚¬/mes,EUR/month,14,True,mediamarkt_adapter_live,2026-02-18T11:44:32.129119+00:00,https://www.mediamarkt.es/es/product/_movil-samsung-galaxy-z-flip7-azul-256-gb-12-gb-ram-69-fhd-exynos-2500-4300-mah-android-16-1602547.html,"Móvil | Samsung Galaxy Z Flip7, Azul, 256 GB, 12 GB RAM, 6.9"" FHD+, Exynos 2500, 4300 mAh, Android 16 | MediaMarkt"
ES,Media Markt,media_markt,Samsung,Samsung,mobile,Samsung Galaxy Z Flip 7,256,financing_max_term,70.97,70.97 â‚¬/mes,EUR/month,20,True,mediamarkt_adapter_live,2026-02-18T11:44:32.129119+00:00,https://www.mediamarkt.es/es/product/_movil-samsung-galaxy-z-flip7-azul-256-gb-12-gb-ram-69-fhd-exynos-2500-4300-mah-android-16-1602547.html,"Móvil | Samsung Galaxy Z Flip7, Azul, 256 GB, 12 GB RAM, 6.9"" FHD+, Exynos 2500, 4300 mAh, Android 16 | MediaMarkt"
ES,Media Markt,media_markt,Samsung,Samsung,mobile,Samsung Galaxy Z Flip 7,256,financing_max_term,60.91,60.91 â‚¬/mes,EUR/month,24,True,mediamarkt_adapter_live,2026-02-18T11:44:32.129119+00:00,https://www.mediamarkt.es/es/product/_movil-samsung-galaxy-z-flip7-azul-256-gb-12-gb-ram-69-fhd-exynos-2500-4300-mah-android-16-1602547.html,"Móvil | Samsung Galaxy Z Flip7, Azul, 256 GB, 12 GB RAM, 6.9"" FHD+, Exynos 2500, 4300 mAh, Android 16 | MediaMarkt"
ES,Media Markt,media_markt,Samsung,Samsung,mobile,Samsung Galaxy Z Flip 7,256,financing_max_term,50.91,50.91 â‚¬/mes,EUR/month,30,True,mediamarkt_adapter_live,2026-02-18T11:44:32.129119+00:00,https://www.mediamarkt.es/es/product/_movil-samsung-galaxy-z-flip7-azul-256-gb-12-gb-ram-69-fhd-exynos-2500-4300-mah-android-16-1602547.html,"Móvil | Samsung Galaxy Z Flip7, Azul, 256 GB, 12 GB RAM, 6.9"" FHD+, Exynos 2500, 4300 mAh, Android 16 | MediaMarkt"
ES,Media Markt,media_markt,Samsung,Samsung,mobile,Samsung Galaxy Z Fold 7,256,cash,2109.0,"2109,00 â‚¬",EUR,,True,mediamarkt_adapter_live,2026-02-18T11:45:25.790480+00:00,https://www.mediamarkt.es/es/product/_movil-samsung-galaxy-z-fold7-azul-256-gb-12-gb-ram-8-qxga-snapdragon-8-elite-4400-mah-android-16-1602554.html,"Móvil | Samsung Galaxy Z Fold7, Azul, 256 GB, 12 GB RAM , 8"" QXGA+, Snapdragon 8 Elite, 4400 mAh, Android 16 | MediaMarkt"
ES,Media Markt,media_markt,Samsung,Samsung,mobile,Samsung Galaxy Z Fold 7,256,financing_max_term,106.26,"106,26 â‚¬/mes",EUR/month,24,True,mediamarkt_adapter_live,2026-02-18T11:45:25.790480+00:00,https://www.mediamarkt.es/es/product/_movil-samsung-galaxy-z-fold7-azul-256-gb-12-gb-ram-8-qxga-snapdragon-8-elite-4400-mah-android-16-1602554.html,"Móvil | Samsung Galaxy Z Fold7, Azul, 256 GB, 12 GB RAM , 8"" QXGA+, Snapdragon 8 Elite, 4400 mAh, Android 16 | MediaMarkt"
ES,Media Markt,media_markt,Samsung,Samsung,mobile,Samsung Galaxy Z Fold 7,256,financing_max_term,725.32,725.32 â‚¬/mes,EUR/month,3,True,mediamarkt_adapter_live,2026-02-18T11:45:25.790480+00:00,https://www.mediamarkt.es/es/product/_movil-samsung-galaxy-z-fold7-azul-256-gb-12-gb-ram-8-qxga-snapdragon-8-elite-4400-mah-android-16-1602554.html,"Móvil | Samsung Galaxy Z Fold7, Azul, 256 GB, 12 GB RAM , 8"" QXGA+, Snapdragon 8 Elite, 4400 mAh, Android 16 | MediaMarkt"
ES,Media Markt,media_markt,Samsung,Samsung,mobile,Samsung Galaxy Z Fold 7,256,financing_max_term,371.18,371.18 â‚¬/mes,EUR/month,6,True,mediamarkt_adapter_live,2026-02-18T11:45:25.790480+00:00,https://www.mediamarkt.es/es/product/_movil-samsung-galaxy-z-fold7-azul-256-gb-12-gb-ram-8-qxga-snapdragon-8-elite-4400-mah-android-16-1602554.html,"Móvil | Samsung Galaxy Z Fold7, Azul, 256 GB, 12 GB RAM , 8"" QXGA+, Snapdragon 8 Elite, 4400 mAh, Android 16 | MediaMarkt"
ES,Media Markt,media_markt,Samsung,Samsung,mobile,Samsung Galaxy Z Fold 7,256,financing_max_term,229.65,229.65 â‚¬/mes,EUR/month,10,True,mediamarkt_adapter_live,2026-02-18T11:45:25.790480+00:00,https://www.mediamarkt.es/es/product/_movil-samsung-galaxy-z-fold7-azul-256-gb-12-gb-ram-8-qxga-snapdragon-8-elite-4400-mah-android-16-1602554.html,"Móvil | Samsung Galaxy Z Fold7, Azul, 256 GB, 12 GB RAM , 8"" QXGA+, Snapdragon 8 Elite, 4400 mAh, Android 16 | MediaMarkt"
ES,Media Markt,media_markt,Samsung,Samsung,mobile,Samsung Galaxy Z Fold 7,256,financing_max_term,194.31,194.31 â‚¬/mes,EUR/month,12,True,mediamarkt_adapter_live,2026-02-18T11:45:25.790480+00:00,https://www.mediamarkt.es/es/product/_movil-samsung-galaxy-z-fold7-azul-256-gb-12-gb-ram-8-qxga-snapdragon-8-elite-4400-mah-android-16-1602554.html,"Móvil | Samsung Galaxy Z Fold7, Azul, 256 GB, 12 GB RAM , 8"" QXGA+, Snapdragon 8 Elite, 4400 mAh, Android 16 | MediaMarkt"
ES,Media Markt,media_markt,Samsung,Samsung,mobile,Samsung Galaxy Z Fold 7,256,financing_max_term,169.09,169.09 â‚¬/mes,EUR/month,14,True,mediamarkt_adapter_live,2026-02-18T11:45:25.790480+00:00,https://www.mediamarkt.es/es/product/_movil-samsung-galaxy-z-fold7-azul-256-gb-12-gb-ram-8-qxga-snapdragon-8-elite-4400-mah-android-16-1602554.html,"Móvil | Samsung Galaxy Z Fold7, Azul, 256 GB, 12 GB RAM , 8"" QXGA+, Snapdragon 8 Elite, 4400 mAh, Android 16 | MediaMarkt"
ES,Media Markt,media_markt,Samsung,Samsung,mobile,Samsung Galaxy Z Fold 7,256,financing_max_term,135.52,135.52 â‚¬/mes,EUR/month,18,True,mediamarkt_adapter_live,2026-02-18T11:45:25.790480+00:00,https://www.mediamarkt.es/es/product/_movil-samsung-galaxy-z-fold7-azul-256-gb-12-gb-ram-8-qxga-snapdragon-8-elite-4400-mah-android-16-1602554.html,"Móvil | Samsung Galaxy Z Fold7, Azul, 256 GB, 12 GB RAM , 8"" QXGA+, Snapdragon 8 Elite, 4400 mAh, Android 16 | MediaMarkt"
ES,Media Markt,media_markt,Samsung,Samsung,mobile,Samsung Galaxy Z Fold 7,256,financing_max_term,123.8,123.80 â‚¬/mes,EUR/month,20,True,mediamarkt_adapter_live,2026-02-18T11:45:25.790480+00:00,https://www.mediamarkt.es/es/product/_movil-samsung-galaxy-z-fold7-azul-256-gb-12-gb-ram-8-qxga-snapdragon-8-elite-4400-mah-android-16-1602554.html,"Móvil | Samsung Galaxy Z Fold7, Azul, 256 GB, 12 GB RAM , 8"" QXGA+, Snapdragon 8 Elite, 4400 mAh, Android 16 | MediaMarkt"
ES,Media Markt,media_markt,Samsung,Samsung,mobile,Samsung Galaxy Z Fold 7,256,financing_max_term,88.81,88.81 â‚¬/mes,EUR/month,30,True,mediamarkt_adapter_live,2026-02-18T11:45:25.790480+00:00,https://www.mediamarkt.es/es/product/_movil-samsung-galaxy-z-fold7-azul-256-gb-12-gb-ram-8-qxga-snapdragon-8-elite-4400-mah-android-16-1602554.html,"Móvil | Samsung Galaxy Z Fold7, Azul, 256 GB, 12 GB RAM , 8"" QXGA+, Snapdragon 8 Elite, 4400 mAh, Android 16 | MediaMarkt"
ES,Movistar,movistar,Samsung,Samsung,mobile,Samsung Galaxy S25,256,financing_max_term,12.0,12 Ã¢â€šÂ¬/mes,EUR/month,24,True,movistar_adapter_live,2026-02-18T11:46:45.611020+00:00,https://www.movistar.es/moviles/samsung-galaxy-s25-256gb-azulmarino/,Samsung Galaxy S25 256GB Azul Marino ¡Mejor precio! | Movistar
ES,Movistar,movistar,Samsung,Samsung,mobile,Samsung Galaxy S25,256,cash,799.0,799 Ã¢â€šÂ¬,EUR,,True,movistar_adapter_live,2026-02-18T11:46:45.611020+00:00,https://www.movistar.es/moviles/samsung-galaxy-s25-256gb-azulmarino/,Samsung Galaxy S25 256GB Azul Marino ¡Mejor precio! | Movistar
ES,Movistar,movistar,Samsung,Samsung,tablet,Samsung Galaxy Tab A11+ Wifi,128,cash,249.0,249 Ã¢â€šÂ¬,EUR,,,movistar_adapter_live,2026-02-18T11:47:02.071452+00:00,https://www.movistar.es/tablets/samsung-samsung-galaxy-tab-a11-plus-wifi-128gb-gris/,Samsung Galaxy Tab A11+ Wi-Fi 128GB gris| Tablet Samsung| Movistar
ES,Movistar,movistar,Samsung,Samsung,mobile,Samsung Galaxy S25 Ultra,256,financing_max_term,22.5,"22,50 Ã¢â€šÂ¬/mes",EUR/month,24,,movistar_adapter_live,2026-02-18T11:47:19.245981+00:00,https://www.movistar.es/moviles/samsung-galaxy-s25-ultra-512gb-azultitanio/,Samsung Galaxy S25 Ultra 512GB azul ¡Mejor Precio! | Movistar
ES,Movistar,movistar,Samsung,Samsung,mobile,Samsung Galaxy S25 Ultra,256,cash,1299.0,1.299 Ã¢â€šÂ¬,EUR,,,movistar_adapter_live,2026-02-18T11:47:19.245981+00:00,https://www.movistar.es/moviles/samsung-galaxy-s25-ultra-512gb-azultitanio/,Samsung Galaxy S25 Ultra 512GB azul ¡Mejor Precio! | Movistar
ES,Movistar,movistar,Samsung,Samsung,tablet,Samsung Galaxy Tab S10 FE Wi-Fi,128,cash,534.0,534 Ã¢â€šÂ¬,EUR,,True,movistar_adapter_live,2026-02-18T11:47:36.530052+00:00,https://www.movistar.es/tablets/samsung-galaxy-tab-s10-fe-128gb-gris/,Samsung Galaxy Tab S10 FE 128GB gris | Tablet Samsung | Movistar
ES,Movistar,movistar,Samsung,Samsung,mobile,Samsung Galaxy A17 5G,128,cash,199.0,199 Ã¢â€šÂ¬,EUR,,True,movistar_adapter_live,2026-02-18T11:47:54.094687+00:00,https://www.movistar.es/moviles/samsung-galaxy-a17-5g-128gb-negro/,Samsung Galaxy A17 5G 128 GB. ¡Mejor Precio! - Movistar
ES,Movistar,movistar,Samsung,Samsung,mobile,Samsung Galaxy A56 5G,256,cash,399.0,399 Ã¢â€šÂ¬,EUR,,,movistar_adapter_live,2026-02-18T11:48:27.163675+00:00,https://www.movistar.es/moviles/samsung-galaxy-a56-5g-256gb-gris/,Samsung Galaxy A56 5G gris | Mejor precio y ofertas | Movistar
ES,Movistar,movistar,Samsung,Samsung,mobile,Samsung Galaxy A36 5G,128,cash,299.0,299 Ã¢â€šÂ¬,EUR,,True,movistar_adapter_live,2026-02-18T11:49:03.292309+00:00,https://www.movistar.es/moviles/samsung-galaxy-a36-5g-128gb-negro/,Samsung Galaxy A36 | Mejor precio y ofertas | Movistar
ES,Movistar,movistar,Samsung,Samsung,mobile,Samsung Galaxy S25 FE 5G,128,financing_max_term,3.2,"3,20 Ã¢â€šÂ¬/mes",EUR/month,24,True,movistar_adapter_live,2026-02-18T11:49:19.835225+00:00,https://www.movistar.es/moviles/samsung-galaxy-s25-fe-128gb-negrointenso/,Samsung Galaxy S25 FE 128GB | Mejor precio y ofertas | Movistar
ES,Movistar,movistar,Samsung,Samsung,mobile,Samsung Galaxy S25 FE 5G,128,cash,629.0,629 Ã¢â€šÂ¬,EUR,,True,movistar_adapter_live,2026-02-18T11:49:19.835225+00:00,https://www.movistar.es/moviles/samsung-galaxy-s25-fe-128gb-negrointenso/,Samsung Galaxy S25 FE 128GB | Mejor precio y ofertas | Movistar
ES,Movistar,movistar,Samsung,Samsung,mobile,Samsung Galaxy Z Flip 7,256,financing_max_term,12.0,12 Ã¢â€šÂ¬/mes,EUR/month,48,,movistar_adapter_live,2026-02-18T11:49:33.970056+00:00,https://www.movistar.es/moviles/samsung-galaxy-z-flip7-256gb-negro/,Samsung Galaxy Z Flip7 256GB ¡Mejor precio y ofertas! | Movistar
ES,Movistar,movistar,Samsung,Samsung,mobile,Samsung Galaxy Z Flip 7,256,cash,1109.0,1.109 Ã¢â€šÂ¬,EUR,,,movistar_adapter_live,2026-02-18T11:49:33.970056+00:00,https://www.movistar.es/moviles/samsung-galaxy-z-flip7-256gb-negro/,Samsung Galaxy Z Flip7 256GB ¡Mejor precio y ofertas! | Movistar
ES,Movistar,movistar,Samsung,Samsung,mobile,Samsung Galaxy Z Fold 7,256,financing_max_term,33.0,33 Ã¢â€šÂ¬/mes,EUR/month,48,False,movistar_adapter_live,2026-02-18T11:49:49.594290+00:00,https://www.movistar.es/moviles/samsung-galaxy-z-fold7-256gb-plata/,Samsung Galaxy Z Fold7 256GB | Mejor precio y ofertas | Movistar
ES,Movistar,movistar,Samsung,Samsung,mobile,Samsung Galaxy Z Fold 7,256,cash,2059.0,2.059 Ã¢â€šÂ¬,EUR,,False,movistar_adapter_live,2026-02-18T11:49:49.595295+00:00,https://www.movistar.es/moviles/samsung-galaxy-z-fold7-256gb-plata/,Samsung Galaxy Z Fold7 256GB | Mejor precio y ofertas | Movistar
ES,Rentik,rentik,Samsung,Samsung,mobile,Samsung Galaxy S25,256,renting_with_insurance,40.9,"40,9 €/mes",EUR/month,24,,rentik_adapter_live,2026-02-18T11:50:02.186137+00:00,https://www.rentik.com/es/ofertas-alquilar/samsung/samsung-galaxy-s25-5g0/,Alquilar Samsung Galaxy S25 5G | Ofertas de Renting con RENTIK
ES,Rentik,rentik,Samsung,Samsung,mobile,Samsung Galaxy S25 Ultra,256,renting_with_insurance,63.9,"63,9 €/mes",EUR/month,24,False,rentik_adapter_live,2026-02-18T11:50:13.281023+00:00,https://www.rentik.com/es/ofertas-alquilar/samsung/samsung-galaxy-s25-ultra-5g/,Renting de Samsung Galaxy S25 Ultra 5G: : Poder AI | RENTIK.COM
ES,Rentik,rentik,Samsung,Samsung,mobile,Samsung Galaxy A56 5G,128,renting_with_insurance,21.9,"21,9 €/mes",EUR/month,24,False,rentik_adapter_live,2026-02-18T11:50:25.717292+00:00,https://www.rentik.com/es/ofertas-alquilar/samsung/Samsung-Galaxy-A56-5G/,Alquilar Samsung Galaxy A56 5G | Ofertas de Renting con RENTIK
ES,Rentik,rentik,Samsung,Samsung,mobile,Samsung Galaxy A36 5G,128,renting_with_insurance,19.9,"19,9 €/mes",EUR/month,24,False,rentik_adapter_live,2026-02-18T11:50:33.967588+00:00,https://www.rentik.com/es/ofertas-alquilar/samsung/Samsung-Galaxy-A36-5G/,Alquilar Samsung Galaxy A36 5G | Ofertas de Renting con RENTIK
ES,Rentik,rentik,Samsung,Samsung,mobile,Samsung Galaxy Z Flip 7,256,renting_with_insurance,59.9,"59,9 €/mes",EUR/month,24,,rentik_adapter_live,2026-02-18T11:50:42.647661+00:00,https://www.rentik.com/es/ofertas-alquilar/samsung/Samsung-Galaxy-Z-Flip7-5G/,Renting Móviles Samsung Galaxy Z Flip7 5G | RENTIK.COM
ES,Rentik,rentik,Samsung,Samsung,mobile,Samsung Galaxy Z Fold 7,256,renting_with_insurance,101.9,"101,9 €/mes",EUR/month,24,,rentik_adapter_live,2026-02-18T11:50:48.469940+00:00,https://www.rentik.com/es/ofertas-alquilar/samsung/Samsung-Galaxy-Z-Fold7-5G/,Renting Móviles Samsung Galaxy Z Fold7 5G | RENTIK.COM
ES,Samsung Oficial,samsung_oficial,Samsung,Samsung,mobile,Samsung Galaxy S25,256,cash,849.0,849.00 €,EUR,,False,samsung_oficial_adapter_live,2026-02-18T11:51:19.529436+00:00,https://www.samsung.com/es/smartphones/galaxy-s25/buy/,"Comprar Galaxy S25+, S25 y s25 FE | Precios | Samsung ES"
ES,Samsung Oficial,samsung_oficial,Samsung,Samsung,mobile,Samsung Galaxy S25,256,financing_max_term,23.58,23.58 €/mes,EUR/month,36,False,samsung_oficial_adapter_live,2026-02-18T11:51:19.529436+00:00,https://www.samsung.com/es/smartphones/galaxy-s25/buy/,"Comprar Galaxy S25+, S25 y s25 FE | Precios | Samsung ES"
ES,Samsung Oficial,samsung_oficial,Samsung,Samsung,tablet,Samsung Galaxy Tab A11+ Wifi,128,cash,225.0,225.00 €,EUR,,True,samsung_oficial_adapter_live,2026-02-18T11:51:23.942037+00:00,https://www.samsung.com/es/tablets/galaxy-tab-a/galaxy-tab-a11-plus-silver-128gb-sm-x230nzsreub/buy/,Compra Galaxy Tab A11+ Plata 128 GB | Ofertas y Precios | Samsung España
ES,Samsung Oficial,samsung_oficial,Samsung,Samsung,mobile,Samsung Galaxy S25 Ultra,256,cash,1313.0,1313.00 €,EUR,,False,samsung_oficial_adapter_live,2026-02-18T11:51:28.351224+00:00,https://www.samsung.com/es/smartphones/galaxy-s25-ultra/buy/,Comprar Galaxy S25 Ultra | S25 Edge | Precio y ofertas | Samsung España
ES,Samsung Oficial,samsung_oficial,Samsung,Samsung,mobile,Samsung Galaxy S25 Ultra,256,financing_max_term,36.47,36.47 €/mes,EUR/month,36,False,samsung_oficial_adapter_live,2026-02-18T11:51:28.351224+00:00,https://www.samsung.com/es/smartphones/galaxy-s25-ultra/buy/,Comprar Galaxy S25 Ultra | S25 Edge | Precio y ofertas | Samsung España
ES,Samsung Oficial,samsung_oficial,Samsung,Samsung,tablet,Samsung Galaxy Tab S10 FE Wi-Fi,128,cash,709.0,709.00 €,EUR,,,samsung_oficial_adapter_live,2026-02-18T11:51:32.215435+00:00,https://www.samsung.com/es/tablets/galaxy-tab-s10-fe/buy/,Comprar Galaxy Tab S10 FE y FE+ | Precio y Ofertas | Samsung España
ES,Samsung Oficial,samsung_oficial,Samsung,Samsung,tablet,Samsung Galaxy Tab S10 FE Wi-Fi,128,financing_max_term,19.69,19.69 €/mes,EUR/month,36,,samsung_oficial_adapter_live,2026-02-18T11:51:32.215435+00:00,https://www.samsung.com/es/tablets/galaxy-tab-s10-fe/buy/,Comprar Galaxy Tab S10 FE y FE+ | Precio y Ofertas | Samsung España
ES,Samsung Oficial,samsung_oficial,Samsung,Samsung,tablet,Samsung Galaxy Tab S11 Ultra wifi,256,cash,939.0,939.00 €,EUR,,,samsung_oficial_adapter_live,2026-02-18T11:51:43.100088+00:00,https://www.samsung.com/es/tablets/galaxy-tab-s11/buy/,Comprar Galaxy Tab S11 Ultra y Tab S11 | Precios | Samsung España
ES,Samsung Oficial,samsung_oficial,Samsung,Samsung,tablet,Samsung Galaxy Tab S11 Ultra wifi,256,financing_max_term,26.08,26.08 €/mes,EUR/month,36,,samsung_oficial_adapter_live,2026-02-18T11:51:43.100088+00:00,https://www.samsung.com/es/tablets/galaxy-tab-s11/buy/,Comprar Galaxy Tab S11 Ultra y Tab S11 | Precios | Samsung España
ES,Samsung Oficial,samsung_oficial,Samsung,Samsung,mobile,Samsung Galaxy A56 5G,128,cash,433.0,433.00 €,EUR,,,samsung_oficial_adapter_live,2026-02-18T11:51:48.678174+00:00,https://www.samsung.com/es/smartphones/galaxy-a/galaxy-a56-5g/buy/,Comprar Galaxy A56 5G | Precio y Ofertas | Samsung España
ES,Samsung Oficial,samsung_oficial,Samsung,Samsung,mobile,Samsung Galaxy A56 5G,128,financing_max_term,36.08,36.08 €/mes,EUR/month,36,,samsung_oficial_adapter_live,2026-02-18T11:51:48.678174+00:00,https://www.samsung.com/es/smartphones/galaxy-a/galaxy-a56-5g/buy/,Comprar Galaxy A56 5G | Precio y Ofertas | Samsung España
ES,Samsung Oficial,samsung_oficial,Samsung,Samsung,tablet,Samsung Galaxy Tab S10 Lite WiFi,128,cash,361.0,361.00 €,EUR,,,samsung_oficial_adapter_live,2026-02-18T11:51:56.884744+00:00,https://www.samsung.com/es/tablets/galaxy-tab-s/galaxy-tab-s10-lite-silver-128gb-sm-x400nzsreub/buy/,Compra Galaxy Tab S10 Lite WiFi 128GB Plata| Samsung España
ES,Samsung Oficial,samsung_oficial,Samsung,Samsung,mobile,Samsung Galaxy A36 5G,128,cash,343.0,343.00 €,EUR,,,samsung_oficial_adapter_live,2026-02-18T11:52:00.853754+00:00,https://www.samsung.com/es/smartphones/galaxy-a/galaxy-a36-5g/buy/,Comprar Galaxy A36 5G | Precio y Ofertas | Samsung España
ES,Samsung Oficial,samsung_oficial,Samsung,Samsung,mobile,Samsung Galaxy A36 5G,128,financing_max_term,28.58,28.58 €/mes,EUR/month,36,,samsung_oficial_adapter_live,2026-02-18T11:52:00.853754+00:00,https://www.samsung.com/es/smartphones/galaxy-a/galaxy-a36-5g/buy/,Comprar Galaxy A36 5G | Precio y Ofertas | Samsung España
ES,Samsung Oficial,samsung_oficial,Samsung,Samsung,mobile,Samsung Galaxy S25 FE 5G,128,cash,759.0,759.00 €,EUR,,False,samsung_oficial_adapter_live,2026-02-18T11:52:09.282362+00:00,https://www.samsung.com/es/smartphones/galaxy-s25/buy/,"Comprar Galaxy S25+, S25 y s25 FE | Precios | Samsung ES"
ES,Samsung Oficial,samsung_oficial,Samsung,Samsung,mobile,Samsung Galaxy S25 FE 5G,128,financing_max_term,21.08,21.08 €/mes,EUR/month,36,False,samsung_oficial_adapter_live,2026-02-18T11:52:09.282362+00:00,https://www.samsung.com/es/smartphones/galaxy-s25/buy/,"Comprar Galaxy S25+, S25 y s25 FE | Precios | Samsung ES"
ES,Samsung Oficial,samsung_oficial,Samsung,Samsung,mobile,Samsung Galaxy Z Flip 7,256,financing_max_term,33.22,"33,22 €/mes",EUR/month,36,,samsung_oficial_adapter_live,2026-02-18T11:52:13.859849+00:00,https://www.samsung.com/es/smartphones/galaxy-z-flip7/buy/,Comprar Galaxy Z Flip 7 | Precio y Oferta | Samsung España
ES,Samsung Oficial,samsung_oficial,Samsung,Samsung,mobile,Samsung Galaxy Z Flip 7,256,cash,1196.0,"1.196,00 €",EUR,,,samsung_oficial_adapter_live,2026-02-18T11:52:13.859849+00:00,https://www.samsung.com/es/smartphones/galaxy-z-flip7/buy/,Comprar Galaxy Z Flip 7 | Precio y Oferta | Samsung España
ES,Samsung Oficial,samsung_oficial,Samsung,Samsung,mobile,Samsung Galaxy Z Fold 7,256,cash,2109.01,2109.01 €,EUR,,False,samsung_oficial_adapter_live,2026-02-18T11:52:18.583110+00:00,https://www.samsung.com/es/smartphones/galaxy-z-fold7/buy/,Comprar Galaxy Z Fold 7 | Precio y Oferta | Samsung España
ES,Samsung Oficial,samsung_oficial,Samsung,Samsung,mobile,Samsung Galaxy Z Fold 7,256,financing_max_term,58.58,58.58 €/mes,EUR/month,36,False,samsung_oficial_adapter_live,2026-02-18T11:52:18.583110+00:00,https://www.samsung.com/es/smartphones/galaxy-z-fold7/buy/,"Comprar Galaxy Z Fold 7 | Precio y Oferta | Samsung España
